age,education_num,capital_gain,capital_loss,hours_per_week,workclass_Private,workclass_Self-emp,workclass_Without-pay,marital_status_Married,marital_status_Never-married,marital_status_Separated,marital_status_Widowed,occupation_Exec-managerial,occupation_Handlers-cleaners,occupation_Prof-specialty,occupation_Sales,occupation_Tech-support,relationship_Not-in-family,relationship_Other-relative,relationship_Own-child,relationship_Unmarried,relationship_Wife,race_Asian-Pac-Islander,race_Black,race_Other,race_White,sex_Male,income
0.5990813466845626,1.0871190587159265,-0.25789636297480556,-0.20524344361051802,0.3616449567396393,1,0,0,1,0,0,0,0,0,0,0,0,0,1,0,0,0,0,0,0,1,1,0
1.3976107742349895,-0.5333735756561958,-0.25789636297480556,1.4471349651214673,-0.05284783035450321,1,0,0,1,0,0,0,0,0,1,0,0,0,1,0,0,0,0,0,0,1,1,1
-0.015172059123458105,1.5501169542508186,-0.25789636297480556,-0.20524344361051802,0.4998092191043535,1,0,0,0,1,0,0,1,0,0,0,0,0,0,1,0,0,0,0,0,1,0,0
-0.8751268272546872,-0.9963714711910879,-0.25789636297480556,-0.20524344361051802,-0.6745870109957169,1,0,0,0,0,1,0,0,0,0,1,0,0,0,0,1,0,0,0,0,1,0,0
0.8447827090077709,1.0871190587159265,-0.25789636297480556,-0.20524344361051802,0.8106788094249604,1,0,0,1,0,0,0,0,0,0,0,0,0,0,0,0,1,0,0,0,1,1,0
-1.3051042113203015,0.6241211631810345,-0.25789636297480556,-0.20524344361051802,-1.123620863681038,1,0,0,1,0,0,0,0,0,0,0,1,1,0,0,0,0,0,0,0,1,0,0
-0.5065747837698746,0.39262221541358844,-0.25789636297480556,-0.20524344361051802,-1.2272440604545736,1,0,0,0,1,0,0,1,0,0,0,0,0,0,0,0,1,0,0,0,0,1,0
0.5990813466845626,1.0871190587159265,-0.25789636297480556,4.858040288499699,-1.054538732498681,1,0,0,0,1,0,0,0,0,1,0,0,0,0,1,0,0,0,0,0,1,1,0
-0.6294254649314788,-1.2278704189585339,-0.25789636297480556,-0.20524344361051802,0.7415966782426032,1,0,0,1,0,0,0,0,0,0,1,0,0,0,1,0,0,0,0,0,1,1,0
-0.38372410260827056,-1.2278704189585339,-0.25789636297480556,-0.20524344361051802,0.3271038911484608,1,0,0,0,0,1,0,0,0,0,0,1,0,0,0,0,1,0,0,0,1,1,0
-1.1208281895778953,-1.2278704189585339,-0.25789636297480556,-0.20524344361051802,0.6034324158778891,1,0,0,0,0,0,0,0,0,1,0,0,1,0,0,0,0,0,0,0,1,0,1
-1.1208281895778953,-0.5333735756561958,-0.25789636297480556,-0.20524344361051802,1.6396643836132454,1,0,0,1,0,0,0,0,0,1,0,0,0,0,0,0,1,0,0,0,1,1,0
-0.3222987620274685,1.3186180064833726,-0.25789636297480556,-0.20524344361051802,-0.19101209271921737,0,0,0,1,0,0,0,0,0,0,0,0,0,1,0,0,0,0,0,0,1,0,0
1.4590361148157915,-0.07037568012130366,-0.25789636297480556,-0.20524344361051802,-0.6055048798133599,1,0,0,0,1,0,0,0,0,0,0,0,0,0,0,0,0,0,0,0,1,1,0
0.4148053249421564,0.6241211631810345,-0.25789636297480556,-0.20524344361051802,-1.3308672572281093,1,0,0,0,1,0,0,0,0,0,0,1,0,0,0,1,0,0,0,0,1,1,0
0.6605066872653647,-0.3018746278887497,-0.25789636297480556,-0.20524344361051802,-1.6417368475487162,1,0,0,1,0,0,0,0,1,0,0,0,0,1,0,0,0,0,0,0,1,0,0
-0.3222987620274685,1.3186180064833726,-0.25789636297480556,-0.20524344361051802,1.3978769244749956,1,0,0,0,1,0,0,0,1,0,0,0,0,0,0,0,0,0,0,0,1,0,0
-1.6122309142243119,-0.9963714711910879,-0.25789636297480556,-0.20524344361051802,0.6379734814690676,1,0,0,0,1,0,0,0,0,1,0,0,0,0,0,1,0,0,0,0,1,1,0
-0.4451494431890726,0.6241211631810345,-0.25789636297480556,-0.20524344361051802,-1.123620863681038,1,0,0,1,0,0,0,0,0,0,0,0,0,0,0,1,0,0,0,0,1,1,0
1.4590361148157915,0.8556201109484806,-0.25789636297480556,-0.20524344361051802,1.0870073341543887,1,0,0,0,1,0,0,0,0,0,1,0,0,0,0,1,0,0,0,0,1,1,1
-1.6736562548051142,-0.9963714711910879,-0.25789636297480556,-0.20524344361051802,1.4669590556573526,1,0,0,0,0,1,0,0,0,0,1,0,0,0,1,0,0,0,0,0,1,1,0
-0.3222987620274685,0.6241211631810345,-0.25789636297480556,-0.20524344361051802,1.5360411868397097,1,0,0,1,0,0,0,0,0,1,0,0,0,0,0,1,0,0,0,0,1,0,0
0.9062080495885729,0.39262221541358844,2.8969378927978324,-0.20524344361051802,-0.32917635508393156,1,0,0,1,0,0,0,0,0,0,0,0,1,0,0,0,0,0,0,0,0,0,0
0.04625328145734397,1.5501169542508186,-0.25789636297480556,-0.20524344361051802,1.2942537277014599,1,0,0,1,0,0,0,0,0,0,0,1,0,0,0,0,1,0,0,0,1,1,1
0.5376560061037605,0.6241211631810345,-0.25789636297480556,-0.20524344361051802,-0.1219299615368603,1,0,0,0,0,0,0,0,0,0,0,1,1,0,0,0,0,0,0,0,1,0,0
-1.6736562548051142,0.6241211631810345,-0.25789636297480556,-0.20524344361051802,1.3287947932926385,1,0,0,0,0,0,1,0,0,0,0,1,0,0,0,0,1,0,0,0,1,1,0
-0.5065747837698746,1.3186180064833726,0.5580900068499023,5.017263047371089,1.5015001212485313,1,0,0,1,0,0,0,0,0,0,1,0,0,1,0,0,0,0,0,0,1,1,1
0.23052930319975018,0.6241211631810345,-0.25789636297480556,-0.20524344361051802,-1.5726547163663591,1,0,0,0,1,0,0,0,0,0,0,0,0,1,0,0,0,0,0,0,1,1,0
-1.0594028489970932,-1.45936936672598,-0.25789636297480556,-0.20524344361051802,-0.3982584862662886,1,0,0,0,1,0,0,0,0,0,0,0,0,0,0,0,1,0,0,0,1,1,0
-0.4451494431890726,1.3186180064833726,-0.25789636297480556,-0.20524344361051802,0.4652681535131749,0,1,0,0,1,0,0,0,0,0,1,0,1,0,0,0,0,0,0,0,1,1,0
0.9062080495885729,-1.690868314493426,-0.25789636297480556,-0.20524344361051802,-0.7091280765868955,1,0,0,1,0,0,0,0,0,0,0,1,0,0,0,0,1,0,0,0,1,1,0
-0.26087342144666636,0.1611232676461424,-0.25789636297480556,-0.20524344361051802,-1.054538732498681,1,0,0,1,0,0,0,0,0,0,0,1,0,0,0,1,0,0,0,0,1,1,1
1.2133347524925833,0.8556201109484806,-0.25789636297480556,-0.20524344361051802,1.4324179900661742,0,0,0,1,0,0,0,0,0,1,0,0,0,0,1,0,0,0,1,0,0,1,1
-0.13802274028506226,1.5501169542508186,-0.25789636297480556,-0.20524344361051802,-0.7091280765868955,0,0,0,0,1,0,0,0,1,0,0,0,0,1,0,0,0,0,0,0,1,0,1
0.7833573684269688,0.8556201109484806,-0.25789636297480556,2.8907546455554076,-0.5018816830398243,1,0,0,1,0,0,0,1,0,0,0,0,0,0,1,0,0,0,0,0,1,1,1
-0.07659739970426017,-1.45936936672598,-0.25789636297480556,-0.20524344361051802,0.7070556126514247,1,0,0,0,0,0,0,0,1,0,0,0,0,0,0,1,0,0,0,0,1,1,0
-0.8137014866738851,1.0871190587159265,-0.25789636297480556,-0.20524344361051802,-0.9163744701339668,0,1,0,1,0,0,0,0,0,0,0,0,0,0,0,1,0,0,0,0,1,0,1
-0.8751268272546872,-0.07037568012130366,-0.25789636297480556,-0.20524344361051802,-0.1219299615368603,0,1,0,1,0,0,0,0,0,0,0,0,0,1,0,0,0,0,0,0,1,0,0
1.0904840713309791,1.5501169542508186,-0.25789636297480556,-0.20524344361051802,-0.19101209271921737,1,0,0,0,1,0,0,0,0,0,0,0,0,1,0,0,0,0,0,0,1,0,0
1.3361854336541874,0.1611232676461424,-0.25789636297480556,-0.20524344361051802,-0.05284783035450321,1,0,0,0,1,0,0,0,1,0,0,0,0,0,0,1,0,0,0,0,1,1,0
0.9062080495885729,-0.9963714711910879,-0.25789636297480556,-0.20524344361051802,0.08531643201021095,1,0,0,1,0,0,0,1,0,0,0,0,0,0,0,0,0,0,0,0,1,1,0
1.5818867959773957,-0.07037568012130366,0.4254389327215122,-0.20524344361051802,-1.434490454001645,1,0,0,1,0,0,0,0,0,1,0,0,0,0,1,0,0,0,1,0,0,1,1
1.3976107742349895,0.1611232676461424,-0.25789636297480556,-0.20524344361051802,0.1889396287837466,1,0,0,0,0,0,1,0,1,0,0,0,0,0,1,0,0,0,0,0,1,1,0
1.7047374771389998,0.39262221541358844,-0.25789636297480556,-0.20524344361051802,0.5688913502867106,1,0,0,1,0,0,0,1,0,0,0,0,0,0,0,0,0,0,0,0,1,0,0
-1.6122309142243119,0.39262221541358844,-0.25789636297480556,0.6580977378254658,0.9488430717896745,1,0,0,1,0,0,0,0,0,0,0,1,1,0,0,0,0,1,0,0,0,1,0
0.47623066552295845,-0.7648725234236419,-0.25789636297480556,-0.20524344361051802,-0.32917635508393156,0,1,0,0,0,0,0,0,0,0,0,1,0,0,1,0,0,0,0,0,1,1,1
1.3361854336541874,1.0871190587159265,-0.25789636297480556,-0.20524344361051802,1.2251715965191028,1,0,0,1,0,0,0,0,0,0,0,0,0,0,0,0,1,0,0,0,1,1,0
-1.3665295519011036,1.3186180064833726,-0.25789636297480556,-0.20524344361051802,-0.6400459454045384,1,0,0,0,1,0,0,0,0,0,1,0,0,0,0,1,0,0,0,0,1,1,0
-0.5065747837698746,-0.3018746278887497,-0.25789636297480556,-0.20524344361051802,-0.05284783035450321,0,1,0,1,0,0,0,0,0,0,0,0,0,0,0,1,0,0,0,0,1,0,0
-1.2436788707394995,0.39262221541358844,-0.25789636297480556,-0.20524344361051802,0.39618602233081784,0,0,0,1,0,0,0,0,0,0,1,0,0,0,0,0,0,0,0,0,1,1,0
0.5990813466845626,-0.9963714711910879,-0.25789636297480556,-0.20524344361051802,0.08531643201021095,1,0,0,1,0,0,0,1,0,0,0,0,0,0,1,0,0,0,0,0,1,1,0
-0.6908508055122808,-1.690868314493426,-0.25789636297480556,-0.20524344361051802,-0.3982584862662886,1,0,0,1,0,0,0,0,0,0,0,1,1,0,0,0,0,0,0,0,1,1,0
-1.5508055736435098,-1.2278704189585339,-0.25789636297480556,-0.20524344361051802,1.4324179900661742,1,0,0,1,0,0,0,0,1,0,0,0,0,0,1,0,0,0,0,0,1,1,1
-0.26087342144666636,-0.7648725234236419,-0.25789636297480556,-0.20524344361051802,-0.46734061744864575,1,0,0,1,0,0,0,0,0,0,1,0,0,0,0,1,0,0,0,0,1,1,0
-0.9365521678354892,-1.2278704189585339,-0.25789636297480556,-0.20524344361051802,1.2942537277014599,1,0,0,0,0,0,0,1,0,0,0,0,0,1,0,0,0,0,0,0,1,1,0
1.2747600930733853,0.8556201109484806,-0.25789636297480556,-0.20524344361051802,0.1889396287837466,1,0,0,1,0,0,0,0,0,0,0,1,0,0,0,0,1,0,0,0,1,1,0
-1.2436788707394995,1.0871190587159265,-0.25789636297480556,-0.20524344361051802,1.2251715965191028,1,0,0,1,0,0,0,0,1,0,0,0,0,0,0,0,0,0,0,0,1,0,0
-0.19944808086586432,0.6241211631810345,-0.25789636297480556,-0.20524344361051802,-1.2617851260457522,1,0,0,0,0,0,0,0,0,0,1,0,0,1,0,0,0,0,0,0,1,0,0
1.4590361148157915,-0.3018746278887497,-0.25789636297480556,-0.20524344361051802,-0.43279955185746716,1,0,0,0,1,0,0,0,0,0,0,0,1,0,0,0,0,0,0,0,1,0,0
-1.6736562548051142,0.8556201109484806,-0.25789636297480556,-0.20524344361051802,-0.08738889594568175,1,0,0,1,0,0,0,0,0,0,0,0,0,1,0,0,0,0,0,0,1,0,0
-0.5680001243506767,0.1611232676461424,-0.25789636297480556,-0.20524344361051802,1.3978769244749956,1,0,0,0,0,1,0,0,0,0,0,0,0,1,0,0,0,0,0,0,1,1,1
-0.07659739970426017,1.5501169542508186,-0.25789636297480556,-0.20524344361051802,0.7415966782426032,1,0,0,1,0,0,0,1,0,0,0,0,1,0,0,0,0,0,0,0,1,1,0
1.0904840713309791,0.8556201109484806,-0.25789636297480556,-0.20524344361051802,-0.9509155357251453,1,0,0,1,0,0,0,0,0,0,0,0,0,1,0,0,0,0,0,0,1,1,0
-1.3665295519011036,-0.5333735756561958,-0.25789636297480556,-0.20524344361051802,-0.3637174206751101,0,0,0,0,1,0,0,0,0,1,0,0,0,0,0,0,0,0,0,0,1,0,0
0.9062080495885729,1.0871190587159265,-0.25789636297480556,-0.20524344361051802,1.2942537277014599,1,0,0,0,1,0,0,0,0,0,0,1,0,0,0,1,0,0,0,0,1,0,0
-1.3051042113203015,0.39262221541358844,-0.25789636297480556,-0.20524344361051802,0.2925628255572822,1,0,0,1,0,0,0,1,0,0,0,0,0,0,1,0,0,0,0,0,1,0,0
1.0904840713309791,-1.690868314493426,-0.25789636297480556,-0.20524344361051802,-0.6745870109957169,0,1,0,1,0,0,0,0,1,0,0,0,0,1,0,0,0,0,0,0,0,1,0
0.3533799843613543,-0.3018746278887497,-0.25789636297480556,-0.20524344361051802,-1.0890797980898594,1,0,0,0,1,0,0,0,0,0,0,0,0,0,0,0,0,0,0,0,1,0,1
-0.9365521678354892,1.5501169542508186,-0.25789636297480556,-0.20524344361051802,-1.0890797980898594,1,0,0,1,0,0,0,0,0,0,0,1,0,0,1,0,0,0,0,0,1,1,0
-0.752276146093083,-1.2278704189585339,-0.25789636297480556,-0.20524344361051802,0.8452198750161389,1,0,0,0,0,0,0,0,0,0,1,0,0,0,1,0,0,0,0,0,1,1,0
0.4148053249421564,-0.7648725234236419,-0.25789636297480556,-0.20524344361051802,-0.3637174206751101,1,0,0,1,0,0,0,0,0,0,0,0,0,1,0,0,0,0,1,0,0,1,1
1.2747600930733853,0.39262221541358844,-0.25789636297480556,-0.20524344361051802,1.5360411868397097,0,1,0,0,0,0,0,0,0,0,0,1,0,0,0,0,0,0,0,0,1,1,0
0.6605066872653647,-0.9963714711910879,-0.25789636297480556,-0.20524344361051802,-0.8127512733604312,1,0,0,0,1,0,0,0,0,1,0,0,0,0,0,1,0,0,0,0,1,1,0
-1.5508055736435098,0.39262221541358844,-0.25789636297480556,-0.20524344361051802,0.7415966782426032,1,0,0,0,0,0,0,0,0,0,1,0,0,1,0,0,0,0,0,0,1,1,0
-1.6736562548051142,-0.7648725234236419,-0.25789636297480556,-0.20524344361051802,-1.4690315195928234,1,0,0,0,1,0,0,0,0,1,0,0,1,0,0,0,0,0,0,0,1,1,0
-1.4279548924819057,-0.7648725234236419,-0.25789636297480556,-0.20524344361051802,0.6725145470602462,1,0,0,0,1,0,0,0,1,0,0,0,0,0,1,0,0,0,0,0,1,1,0
1.5204614553965936,-0.5333735756561958,-0.25789636297480556,-0.20524344361051802,0.534350284695532,1,0,0,1,0,0,0,0,0,0,0,1,0,1,0,0,0,0,0,0,1,0,0
0.7833573684269688,1.3186180064833726,-0.25789636297480556,-0.20524344361051802,-0.1219299615368603,1,0,0,1,0,0,0,0,0,1,0,0,0,0,1,0,0,0,1,0,0,1,1
-1.5508055736435098,0.39262221541358844,-0.25789636297480556,-0.20524344361051802,-1.0890797980898594,1,0,0,1,0,0,0,0,1,0,0,0,0,0,0,0,0,0,1,0,0,1,0
1.5204614553965936,0.8556201109484806,-0.25789636297480556,-0.20524344361051802,-1.2617851260457522,0,0,1,0,0,0,0,0,0,0,0,1,0,0,0,0,1,0,1,0,0,0,0
-0.015172059123458105,0.39262221541358844,-0.25789636297480556,-0.20524344361051802,-0.8472923389516097,1,0,0,0,0,0,0,0,0,0,0,1,0,1,0,0,0,0,0,0,1,0,0
-0.6908508055122808,1.0871190587159265,-0.25789636297480556,-0.20524344361051802,-1.434490454001645,1,0,0,1,0,0,0,0,0,1,0,0,0,0,0,1,0,0,0,0,1,1,0
-0.19944808086586432,1.0871190587159265,-0.25789636297480556,-0.20524344361051802,0.8452198750161389,1,0,0,1,0,0,0,0,0,0,0,1,0,1,0,0,0,0,0,0,1,1,0
0.9062080495885729,0.6241211631810345,-0.25789636297480556,-0.20524344361051802,-0.6055048798133599,1,0,0,1,0,0,0,0,0,0,0,0,0,0,1,0,0,0,0,0,1,1,0
0.29195464378055225,-0.5333735756561958,-0.25789636297480556,-0.20524344361051802,-1.123620863681038,1,0,0,0,1,0,0,0,0,0,0,1,0,0,0,0,0,0,0,0,1,1,0
-1.1822535301586974,-0.07037568012130366,-0.25789636297480556,-0.20524344361051802,1.0179252029720316,1,0,0,1,0,0,0,1,0,0,0,0,1,0,0,0,0,0,0,0,1,1,0
0.4148053249421564,-0.07037568012130366,-0.25789636297480556,-0.20524344361051802,1.0179252029720316,1,0,0,0,0,0,0,0,1,0,0,0,0,0,0,1,0,0,0,0,1,0,0
-0.9365521678354892,0.6241211631810345,1.656554583900972,-0.20524344361051802,-0.05284783035450321,1,0,0,0,0,0,1,0,0,0,0,1,0,0,0,0,0,0,0,0,1,1,1
0.10767862203814604,0.1611232676461424,-0.25789636297480556,-0.20524344361051802,0.4652681535131749,1,0,0,1,0,0,0,1,0,0,0,0,0,1,0,0,0,0,0,0,1,0,1
1.1519094119117812,-0.07037568012130366,3.373233715087427,-0.20524344361051802,-0.32917635508393156,0,0,0,1,0,0,0,0,0,0,0,1,1,0,0,0,0,0,0,0,1,0,0
-0.8751268272546872,1.0871190587159265,3.2003610064655192,-0.20524344361051802,1.1906305309279244,1,0,0,1,0,0,0,0,0,0,0,1,0,0,0,0,0,0,0,0,1,0,1
-1.3051042113203015,0.6241211631810345,-0.25789636297480556,-0.20524344361051802,-1.1927029948633951,1,0,0,1,0,0,0,0,0,1,0,0,0,0,0,0,1,0,0,0,1,1,0
-0.9365521678354892,-1.45936936672598,-0.25789636297480556,-0.20524344361051802,-1.503572585184002,1,0,0,1,0,0,0,0,0,0,0,0,0,0,0,1,0,0,0,0,1,0,1
-0.38372410260827056,1.3186180064833726,-0.25789636297480556,-0.20524344361051802,1.5360411868397097,0,0,1,1,0,0,0,0,1,0,0,0,0,0,1,0,0,0,0,0,1,1,0
1.7047374771389998,1.3186180064833726,-0.25789636297480556,-0.20524344361051802,0.4652681535131749,1,0,0,0,0,0,0,0,0,0,0,0,0,0,0,0,0,0,0,0,1,1,0
0.6605066872653647,0.8556201109484806,-0.25789636297480556,-0.20524344361051802,-1.434490454001645,1,0,0,1,0,0,0,0,0,0,1,0,0,0,0,0,0,0,0,0,1,1,1
-0.5065747837698746,0.39262221541358844,3.277838624982986,-0.20524344361051802,1.5705822524308883,0,0,0,0,1,0,0,0,0,1,0,0,0,0,0,0,1,0,0,0,1,1,0
-0.8137014866738851,0.8556201109484806,-0.25789636297480556,-0.20524344361051802,-0.6055048798133599,0,0,0,0,0,0,0,0,0,1,0,0,0,1,0,0,0,0,0,0,1,0,1
0.967633390169375,0.6241211631810345,-0.25789636297480556,-0.20524344361051802,-0.15647102712803884,0,1,0,0,1,0,0,0,0,0,0,0,0,0,0,1,0,0,0,0,1,1,1
-0.6908508055122808,1.5501169542508186,-0.25789636297480556,-0.20524344361051802,0.08531643201021095,1,0,0,1,0,0,0,0,0,1,0,0,0,0,0,1,0,0,0,0,1,1,1
1.0904840713309791,-1.690868314493426,-0.25789636297480556,-0.20524344361051802,1.0179252029720316,1,0,0,0,1,0,0,0,0,0,0,0,0,0,1,0,0,0,1,0,0,1,0
1.4590361148157915,0.39262221541358844,-0.25789636297480556,-0.20524344361051802,1.1215483997455673,1,0,0,1,0,0,0,0,0,1,0,0,0,0,0,0,0,0,0,0,1,1,0
-0.3222987620274685,-1.45936936672598,-0.25789636297480556,-0.20524344361051802,-1.2617851260457522,0,0,0,0,0,0,0,0,0,0,0,1,1,0,0,0,0,0,0,0,0,1,0
-0.19944808086586432,-1.45936936672598,-0.25789636297480556,-0.20524344361051802,-0.8818334045427882,1,0,0,0,1,0,0,0,0,0,0,0,0,0,0,0,0,0,0,0,1,0,1
-0.26087342144666636,0.8556201109484806,-0.25789636297480556,-0.20524344361051802,-0.32917635508393156,1,0,0,0,1,0,0,0,0,0,0,0,0,0,1,0,0,0,0,0,1,1,0
0.967633390169375,-1.2278704189585339,-0.25789636297480556,-0.20524344361051802,-1.2272440604545736,1,0,0,1,0,0,0,1,0,0,0,0,0,0,0,0,0,0,0,0,0,1,0
0.7219320278461667,0.39262221541358844,-0.25789636297480556,-0.20524344361051802,1.4669590556573526,0,1,0,0,0,0,0,0,0,1,0,0,0,0,0,0,1,0,0,0,1,1,0
-0.015172059123458105,-0.3018746278887497,-0.25789636297480556,-0.20524344361051802,0.8797609406073175,1,0,0,1,0,0,0,0,0,1,0,0,0,0,0,0,0,0,0,0,1,1,0
-0.8751268272546872,-1.45936936672598,-0.25789636297480556,-0.20524344361051802,0.7070556126514247,1,0,0,1,0,0,0,0,0,0,0,0,0,0,0,0,0,0,0,0,1,1,0
0.967633390169375,1.3186180064833726,-0.25789636297480556,-0.20524344361051802,0.4307270879219964,1,0,0,1,0,0,0,0,0,0,0,1,1,0,0,0,0,0,0,0,1,1,0
-1.7350815953859162,-1.690868314493426,-0.25789636297480556,-0.20524344361051802,1.3633358588838171,1,0,0,1,0,0,0,0,0,0,0,1,0,0,0,0,1,0,1,0,0,0,1
-0.26087342144666636,1.3186180064833726,-0.25789636297480556,-0.20524344361051802,0.39618602233081784,1,0,0,1,0,0,0,0,1,0,0,0,0,0,0,0,1,0,0,0,1,1,0
-1.3665295519011036,-0.5333735756561958,-0.25789636297480556,-0.20524344361051802,-1.6762779131398946,1,0,0,0,0,0,0,0,0,0,0,1,0,0,0,0,0,0,0,0,1,1,1
-1.2436788707394995,0.1611232676461424,-0.25789636297480556,-0.20524344361051802,1.3633358588838171,1,0,0,0,0,1,0,0,0,1,0,0,0,0,0,1,0,0,0,0,1,1,0
-0.3222987620274685,1.5501169542508186,-0.25789636297480556,-0.20524344361051802,0.5688913502867106,1,0,0,1,0,0,0,1,0,0,0,0,1,0,0,0,0,0,0,0,1,0,0
-1.7350815953859162,-1.2278704189585339,-0.25789636297480556,-0.20524344361051802,-0.6055048798133599,1,0,0,1,0,0,0,0,0,0,0,0,0,0,0,0,0,0,0,0,1,1,0
0.9062080495885729,-0.5333735756561958,-0.25789636297480556,-0.20524344361051802,-1.2617851260457522,1,0,0,1,0,0,0,0,0,0,1,0,0,0,0,0,0,0,0,0,1,1,0
-1.3051042113203015,-1.2278704189585339,-0.25789636297480556,-0.20524344361051802,-0.5709638142221813,1,0,0,1,0,0,0,1,0,0,0,0,0,0,1,0,0,0,0,0,1,0,0
-0.3222987620274685,1.3186180064833726,-0.25789636297480556,-0.20524344361051802,-0.6055048798133599,1,0,0,1,0,0,0,0,0,0,1,0,0,0,1,0,0,0,0,0,1,1,1
-1.1208281895778953,1.0871190587159265,-0.25789636297480556,-0.20524344361051802,0.22348069437492513,1,0,0,0,0,1,0,1,0,0,0,0,0,0,0,1,0,0,0,0,1,1,0
1.3361854336541874,-1.690868314493426,3.894137863190108,5.549774718707629,-0.8818334045427882,1,0,0,1,0,0,0,0,0,0,0,1,1,0,0,0,0,0,0,0,1,1,0
-0.752276146093083,1.3186180064833726,-0.25789636297480556,-0.20524344361051802,1.4324179900661742,1,0,0,1,0,0,0,0,0,1,0,0,0,1,0,0,0,0,0,0,1,1,0
-1.3051042113203015,1.0871190587159265,-0.25789636297480556,-0.20524344361051802,-1.5726547163663591,1,0,0,1,0,0,0,0,0,0,1,0,0,0,1,0,0,0,0,0,1,1,0
0.3533799843613543,0.8556201109484806,-0.25789636297480556,-0.20524344361051802,1.3287947932926385,0,0,1,0,0,0,0,1,0,0,0,0,0,1,0,0,0,0,0,0,1,1,0
0.3533799843613543,-0.7648725234236419,-0.25789636297480556,-0.20524344361051802,-0.9163744701339668,1,0,0,0,1,0,0,0,0,1,0,0,0,0,0,0,1,0,0,0,1,1,0
0.23052930319975018,0.39262221541358844,-0.25789636297480556,-0.20524344361051802,-0.7091280765868955,0,1,0,0,0,1,0,0,0,0,1,0,0,0,1,0,0,0,1,0,0,1,0
-1.4893802330627077,1.3186180064833726,-0.25789636297480556,-0.20524344361051802,1.6742054492044238,1,0,0,0,0,0,0,0,0,0,0,0,0,0,1,0,0,0,0,0,1,1,1
0.7833573684269688,1.0871190587159265,-0.25789636297480556,-0.20524344361051802,-0.9854566013163238,1,0,0,1,0,0,0,1,0,0,0,0,1,0,0,0,0,1,0,0,0,0,0
0.5990813466845626,0.6241211631810345,-0.25789636297480556,-0.20524344361051802,-0.6745870109957169,0,1,0,1,0,0,0,0,0,0,0,0,0,0,0,1,0,0,0,0,1,0,0
0.7219320278461667,-0.9963714711910879,1.8382006751620186,-0.20524344361051802,1.3978769244749956,1,0,0,0,1,0,0,0,0,0,0,1,0,1,0,0,0,0,0,0,1,0,0
-0.07659739970426017,-0.3018746278887497,-0.25789636297480556,-0.20524344361051802,-1.0199976669075024,1,0,0,1,0,0,0,0,0,0,0,0,0,0,1,0,0,0,0,0,1,1,1
-1.3665295519011036,-0.5333735756561958,-0.25789636297480556,-0.20524344361051802,-1.1581619292722165,1,0,0,0,1,0,0,0,0,0,0,0,0,0,1,0,0,1,0,0,0,1,0
-1.2436788707394995,0.39262221541358844,-0.25789636297480556,-0.20524344361051802,0.6034324158778891,1,0,0,1,0,0,0,0,1,0,0,0,1,0,0,0,0,0,0,0,1,1,1
-1.3051042113203015,-0.3018746278887497,-0.25789636297480556,-0.20524344361051802,-0.018306764763324667,0,0,0,1,0,0,0,1,0,0,0,0,1,0,0,0,0,0,1,0,0,1,0
-1.0594028489970932,-0.7648725234236419,-0.25789636297480556,-0.20524344361051802,0.2925628255572822,0,0,0,0,1,0,0,0,0,0,0,1,0,0,0,1,0,0,1,0,0,0,0
0.29195464378055225,1.5501169542508186,-0.25789636297480556,-0.20524344361051802,-0.19101209271921737,0,0,0,0,1,0,0,0,0,0,0,0,0,1,0,0,0,0,0,0,1,1,0
0.23052930319975018,1.5501169542508186,-0.25789636297480556,-0.20524344361051802,-0.8472923389516097,1,0,0,0,1,0,0,0,0,1,0,0,0,0,0,0,1,0,0,0,1,1,1
1.1519094119117812,-0.9963714711910879,-0.25789636297480556,-0.20524344361051802,-0.9163744701339668,0,1,0,1,0,0,0,0,0,0,1,0,0,0,0,1,0,0,0,0,1,1,0
1.5818867959773957,-0.3018746278887497,-0.25789636297480556,-0.20524344361051802,0.3271038911484608,0,0,0,0,1,0,0,0,0,0,0,0,0,0,0,0,1,0,0,0,1,1,1
-0.38372410260827056,-0.3018746278887497,-0.25789636297480556,-0.20524344361051802,-1.6762779131398946,1,0,0,1,0,0,0,0,0,0,0,1,0,0,0,0,0,0,0,0,1,1,0
-0.3222987620274685,-0.5333735756561958,-0.25789636297480556,-0.20524344361051802,1.6396643836132454,1,0,0,1,0,0,0,0,0,0,0,0,0,0,1,0,0,0,0,0,1,1,1
0.47623066552295845,-0.07037568012130366,-0.25789636297480556,-0.20524344361051802,-1.1927029948633951,0,1,0,1,0,0,0,0,0,0,1,0,0,1,0,0,0,0,0,0,1,1,0
0.3533799843613543,-0.9963714711910879,-0.25789636297480556,-0.20524344361051802,1.0870073341543887,1,0,0,1,0,0,0,0,0,0,0,1,0,0,0,1,0,0,0,0,1,0,0
0.9062080495885729,0.39262221541358844,-0.25789636297480556,-0.20524344361051802,1.6742054492044238,0,0,0,1,0,0,0,1,0,0,0,0,0,0,1,0,0,0,0,0,1,1,0
0.6605066872653647,-0.7648725234236419,-0.25789636297480556,-0.20524344361051802,1.0870073341543887,1,0,0,1,0,0,0,0,0,0,0,1,0,1,0,0,0,0,0,0,1,0,0
-0.4451494431890726,-0.9963714711910879,-0.25789636297480556,-0.20524344361051802,0.08531643201021095,0,1,0,1,0,0,0,1,0,0,0,0,0,1,0,0,0,0,0,0,1,0,0
-0.13802274028506226,0.8556201109484806,-0.25789636297480556,-0.20524344361051802,0.2925628255572822,1,0,0,1,0,0,0,0,0,0,0,1,0,1,0,0,0,0,0,0,1,1,0
0.3533799843613543,-1.690868314493426,-0.25789636297480556,-0.20524344361051802,-0.294635289492753,1,0,0,1,0,0,0,0,0,0,1,0,0,0,1,0,0,0,0,0,1,0,0
-1.7350815953859162,0.8556201109484806,-0.25789636297480556,-0.20524344361051802,-0.19101209271921737,1,0,0,1,0,0,0,0,0,0,1,0,0,0,0,1,0,0,0,0,1,1,0
0.3533799843613543,-0.07037568012130366,-0.25789636297480556,-0.20524344361051802,-1.5726547163663591,0,1,0,1,0,0,0,0,0,0,0,1,1,0,0,0,0,0,0,0,1,0,0
0.47623066552295845,-1.690868314493426,-0.25789636297480556,-0.20524344361051802,0.9488430717896745,1,0,0,0,1,0,0,0,0,0,0,0,0,0,1,0,0,0,0,0,1,1,0
1.0904840713309791,-0.7648725234236419,-0.25789636297480556,-0.20524344361051802,0.6379734814690676,1,0,0,1,0,0,0,0,0,0,1,0,0,1,0,0,0,0,0,0,1,1,0
-0.9365521678354892,1.5501169542508186,-0.25789636297480556,-0.20524344361051802,-1.4690315195928234,1,0,0,1,0,0,0,1,0,0,0,0,0,0,0,1,0,0,0,0,1,1,0
-1.6122309142243119,-0.5333735756561958,-0.25789636297480556,-0.20524344361051802,-0.1219299615368603,0,0,0,1,0,0,0,1,0,0,0,0,0,0,0,0,0,0,0,0,1,1,0
-1.7350815953859162,-0.5333735756561958,-0.25789636297480556,-0.20524344361051802,-1.3999493884104663,1,0,0,0,1,0,0,0,0,1,0,0,0,0,0,0,1,0,1,0,0,0,0
-1.4893802330627077,1.0871190587159265,-0.25789636297480556,-0.20524344361051802,1.2942537277014599,0,1,0,0,0,0,0,0,1,0,0,0,0,1,0,0,0,0,0,0,1,1,1
-0.19944808086586432,-0.7648725234236419,-0.25789636297480556,-0.20524344361051802,-0.5709638142221813,1,0,0,0,1,0,0,0,1,0,0,0,0,0,0,0,0,0,0,0,1,1,1
1.5818867959773957,-1.2278704189585339,-0.25789636297480556,-0.20524344361051802,-0.5709638142221813,1,0,0,0,1,0,0,0,1,0,0,0,1,0,0,0,0,0,0,0,1,1,0
-0.9365521678354892,1.5501169542508186,-0.25789636297480556,-0.20524344361051802,1.1906305309279244,1,0,0,0,1,0,0,1,0,0,0,0,0,1,0,0,0,0,0,0,1,0,0
0.5990813466845626,-0.7648725234236419,-0.25789636297480556,-0.20524344361051802,-1.5726547163663591,1,0,0,0,1,0,0,0,0,1,0,0,0,0,0,0,0,0,0,0,1,1,0
-0.13802274028506226,0.8556201109484806,-0.25789636297480556,-0.20524344361051802,0.534350284695532,0,1,0,0,1,0,0,0,1,0,0,0,0,1,0,0,0,0,0,0,1,1,0
-1.2436788707394995,-0.07037568012130366,-0.25789636297480556,-0.20524344361051802,-0.5364227486310028,1,0,0,1,0,0,0,0,1,0,0,0,0,0,1,0,0,0,0,0,1,1,0
-0.8751268272546872,1.3186180064833726,-0.25789636297480556,-0.20524344361051802,1.4324179900661742,1,0,0,1,0,0,0,0,0,0,0,1,0,0,0,1,0,0,0,0,1,0,0
-0.8751268272546872,-1.45936936672598,-0.25789636297480556,-0.20524344361051802,1.2251715965191028,0,0,0,1,0,0,0,0,0,0,0,1,0,0,0,0,0,0,0,0,1,1,0
-0.19944808086586432,-0.5333735756561958,-0.25789636297480556,4.438753690138371,1.3287947932926385,1,0,0,0,0,0,0,0,0,0,0,1,0,0,0,1,0,0,0,0,1,1,0
0.7833573684269688,0.1611232676461424,-0.25789636297480556,6.625412911972133,1.0179252029720316,1,0,0,0,1,0,0,0,0,0,0,0,0,0,1,0,0,1,0,0,0,1,0
-0.9979775084162913,-0.07037568012130366,1.8484568830359416,-0.20524344361051802,0.4998092191043535,0,0,0,0,1,0,0,0,1,0,0,0,0,0,1,0,0,0,0,0,1,0,0
1.3361854336541874,1.3186180064833726,-0.25789636297480556,-0.20524344361051802,-0.8472923389516097,1,0,0,1,0,0,0,0,0,0,0,0,0,0,0,1,0,0,0,0,1,1,0
0.1691039626189481,0.6241211631810345,-0.25789636297480556,-0.20524344361051802,0.1889396287837466,1,0,0,1,0,0,0,0,0,1,0,0,0,0,0,0,0,0,0,0,1,1,0
0.5990813466845626,-0.07037568012130366,-0.25789636297480556,-0.20524344361051802,-1.3999493884104663,0,0,0,1,0,0,0,1,0,0,0,0,0,0,0,1,0,0,0,0,1,1,0
1.2133347524925833,-0.07037568012130366,-0.25789636297480556,-0.20524344361051802,-1.123620863681038,1,0,0,1,0,0,0,0,1,0,0,0,0,0,0,1,0,0,0,0,1,0,1
1.3976107742349895,1.5501169542508186,-0.25789636297480556,6.480343287222644,-0.9854566013163238,1,0,0,0,0,0,0,1,0,0,0,0,0,0,0,0,1,0,0,0,1,0,1
0.1691039626189481,1.0871190587159265,-0.25789636297480556,-0.20524344361051802,0.3616449567396393,1,0,0,0,1,0,0,0,0,0,0,1,0,0,0,0,0,0,0,0,1,1,0
-1.5508055736435098,-0.3018746278887497,-0.25789636297480556,-0.20524344361051802,-1.2617851260457522,0,1,0,1,0,0,0,0,1,0,0,0,0,0,0,0,1,0,0,0,1,1,0
0.04625328145734397,-0.07037568012130366,-0.25789636297480556,-0.20524344361051802,-1.6071957819575375,1,0,0,0,0,0,0,0,0,0,1,0,0,1,0,0,0,0,0,0,1,1,0
0.47623066552295845,1.0871190587159265,5.625398109185273,-0.20524344361051802,0.6379734814690676,1,0,0,1,0,0,0,0,0,0,0,0,0,0,0,1,0,0,0,0,1,1,0
-0.38372410260827056,-0.5333735756561958,-0.25789636297480556,-0.20524344361051802,-1.5726547163663591,0,0,0,0,0,0,1,0,0,0,0,0,0,1,0,0,0,0,0,0,1,1,0
0.5990813466845626,-1.45936936672598,-0.25789636297480556,-0.20524344361051802,1.4669590556573526,0,1,0,1,0,0,0,0,1,0,0,0,0,0,0,0,0,0,0,0,1,1,0
0.967633390169375,-1.45936936672598,-0.25789636297480556,-0.20524344361051802,-1.4690315195928234,1,0,0,1,0,0,0,0,0,0,0,1,0,0,0,1,0,0,0,0,1,1,0
-0.8751268272546872,-0.07037568012130366,-0.25789636297480556,-0.20524344361051802,-0.8127512733604312,1,0,0,1,0,0,0,0,0,0,0,0,0,1,0,0,0,0,0,0,1,0,0
0.8447827090077709,0.6241211631810345,-0.25789636297480556,-0.20524344361051802,0.8797609406073175,1,0,0,1,0,0,0,0,0,0,0,1,1,0,0,0,0,0,0,0,1,1,1
-0.015172059123458105,-1.690868314493426,-0.25789636297480556,-0.20524344361051802,-0.8818334045427882,0,1,0,1,0,0,0,0,0,1,0,0,0,0,1,0,0,0,0,0,1,0,1
0.4148053249421564,-0.5333735756561958,-0.25789636297480556,-0.20524344361051802,-1.365408322819288,1,0,0,0,1,0,0,1,0,0,0,0,0,0,0,1,0,0,0,0,1,1,0
-0.9979775084162913,1.0871190587159265,5.070327196297776,-0.20524344361051802,-1.2617851260457522,1,0,0,0,0,0,0,0,0,0,1,0,0,0,1,0,0,0,0,0,1,1,0
0.1691039626189481,-0.5333735756561958,-0.25789636297480556,-0.20524344361051802,-0.19101209271921737,0,1,0,0,0,0,0,1,0,0,0,0,0,0,0,0,1,0,0,0,1,1,0
-1.3665295519011036,0.6241211631810345,-0.25789636297480556,-0.20524344361051802,-0.3637174206751101,0,0,0,1,0,0,0,1,0,0,0,0,0,1,0,0,0,0,0,0,1,1,0
1.3361854336541874,-0.9963714711910879,-0.25789636297480556,-0.20524344361051802,-1.054538732498681,1,0,0,0,1,0,0,0,0,1,0,0,0,0,0,0,1,0,0,0,0,1,0
-0.4451494431890726,0.8556201109484806,-0.25789636297480556,-0.20524344361051802,0.050775366419032415,0,0,0,1,0,0,0,0,0,0,0,0,0,0,0,1,0,0,0,0,1,0,1
-0.07659739970426017,0.6241211631810345,-0.25789636297480556,-0.20524344361051802,-1.054538732498681,1,0,0,1,0,0,0,0,0,0,1,0,0,0,1,0,0,0,0,0,1,0,0
-1.6736562548051142,1.0871190587159265,-0.25789636297480556,-0.20524344361051802,0.914302006198496,0,0,0,0,1,0,0,0,0,0,0,0,0,0,1,0,0,0,0,0,1,1,1
0.7833573684269688,1.5501169542508186,-0.25789636297480556,-0.20524344361051802,0.08531643201021095,1,0,0,0,1,0,0,0,1,0,0,0,0,1,0,0,0,0,0,0,1,1,0
0.967633390169375,0.6241211631810345,-0.25789636297480556,-0.20524344361051802,1.2597126621102814,1,0,0,1,0,0,0,1,0,0,0,0,0,0,0,1,0,0,0,0,1,1,1
1.7047374771389998,1.0871190587159265,-0.25789636297480556,-0.20524344361051802,-0.08738889594568175,0,1,0,1,0,0,0,0,1,0,0,0,1,0,0,0,0,0,0,0,1,1,0
1.4590361148157915,0.39262221541358844,-0.25789636297480556,-0.20524344361051802,-0.6745870109957169,1,0,0,0,0,0,1,0,0,0,0,1,1,0,0,0,0,0,1,0,0,1,0
-1.4279548924819057,-1.2278704189585339,-0.25789636297480556,-0.20524344361051802,-0.1219299615368603,1,0,0,1,0,0,0,1,0,0,0,0,0,1,0,0,0,1,0,0,0,0,0
-0.07659739970426017,1.0871190587159265,-0.25789636297480556,-0.20524344361051802,0.914302006198496,0,1,0,1,0,0,0,0,0,0,0,0,0,0,0,1,0,0,0,0,1,0,0
-0.07659739970426017,0.6241211631810345,-0.25789636297480556,-0.20524344361051802,1.5015001212485313,0,1,0,0,1,0,0,1,0,0,0,0,0,1,0,0,0,0,0,0,1,0,0
0.9062080495885729,-1.2278704189585339,-0.25789636297480556,-0.20524344361051802,-0.9854566013163238,1,0,0,1,0,0,0,0,0,0,0,1,0,0,0,1,0,1,0,0,0,1,0
0.9062080495885729,1.5501169542508186,-0.25789636297480556,-0.20524344361051802,0.8797609406073175,1,0,0,1,0,0,0,0,0,1,0,0,0,0,0,0,1,0,0,0,1,0,0
-0.5680001243506767,1.5501169542508186,-0.25789636297480556,-0.20524344361051802,-0.05284783035450321,1,0,0,1,0,0,0,0,1,0,0,0,0,1,0,0,0,0,0,0,1,0,0
0.04625328145734397,1.0871190587159265,-0.25789636297480556,-0.20524344361051802,0.4307270879219964,1,0,0,0,1,0,0,0,1,0,0,0,0,0,0,1,0,0,0,0,1,1,0
-1.1208281895778953,1.0871190587159265,-0.25789636297480556,-0.20524344361051802,0.2925628255572822,1,0,0,0,1,0,0,0,0,0,0,0,1,0,0,0,0,0,0,0,1,1,0
1.5818867959773957,-1.690868314493426,-0.25789636297480556,-0.20524344361051802,-1.0890797980898594,1,0,0,0,1,0,0,1,0,0,0,0,0,0,0,1,0,0,0,0,1,0,0
-0.07659739970426017,-1.2278704189585339,-0.25789636297480556,-0.20524344361051802,0.3271038911484608,0,0,0,0,0,0,1,0,0,0,0,0,0,0,0,1,0,0,0,0,1,1,0
-0.26087342144666636,-0.9963714711910879,-0.25789636297480556,-0.20524344361051802,1.4324179900661742,1,0,0,0,1,0,0,0,0,1,0,0,0,1,0,0,0,0,0,0,1,1,0
0.5990813466845626,0.6241211631810345,-0.25789636297480556,-0.20524344361051802,-0.05284783035450321,1,0,0,1,0,0,0,1,0,0,0,0,0,0,0,0,1,0,0,0,1,1,0
0.23052930319975018,0.6241211631810345,-0.25789636297480556,-0.20524344361051802,0.4652681535131749,1,0,0,1,0,0,0,1,0,0,0,0,0,0,0,0,1,0,0,0,1,1,0
-1.7350815953859162,-0.7648725234236419,-0.25789636297480556,-0.20524344361051802,-1.2963261916369306,0,0,0,0,1,0,0,0,0,0,0,0,0,0,0,0,1,0,0,0,1,1,0
1.7047374771389998,-1.2278704189585339,-0.25789636297480556,-0.20524344361051802,1.2942537277014599,1,0,0,0,1,0,0,0,0,0,0,0,0,0,0,0,1,0,0,0,1,0,0
-0.13802274028506226,-0.5333735756561958,-0.25789636297480556,-0.20524344361051802,-0.5364227486310028,1,0,0,0,1,0,0,0,0,0,0,1,0,0,0,0,0,0,0,0,1,0,1
1.7047374771389998,0.6241211631810345,-0.25789636297480556,-0.20524344361051802,0.39618602233081784,1,0,0,0,1,0,0,0,0,1,0,0,0,1,0,0,0,0,0,0,1,1,0
1.3976107742349895,1.3186180064833726,-0.25789636297480556,-0.20524344361051802,1.2942537277014599,1,0,0,1,0,0,0,0,0,0,0,1,0,0,1,0,0,0,1,0,0,1,0
-0.9979775084162913,1.5501169542508186,-0.25789636297480556,-0.20524344361051802,0.1198574976013895,1,0,0,1,0,0,0,0,1,0,0,0,0,1,0,0,0,0,1,0,0,1,0
0.7219320278461667,0.8556201109484806,-0.25789636297480556,-0.20524344361051802,-0.8472923389516097,0,0,0,1,0,0,0,1,0,0,0,0,0,0,0,0,0,0,0,0,1,1,1
-1.6122309142243119,-0.7648725234236419,-0.25789636297480556,-0.20524344361051802,0.4307270879219964,0,0,0,1,0,0,0,0,0,0,0,0,0,0,0,0,1,0,0,0,1,1,0
0.5990813466845626,-1.2278704189585339,-0.25789636297480556,-0.20524344361051802,-1.5726547163663591,1,0,0,1,0,0,0,1,0,0,0,0,0,0,0,0,0,0,0,0,1,1,0
-1.4279548924819057,-0.5333735756561958,-0.25789636297480556,-0.20524344361051802,1.5360411868397097,1,0,0,0,1,0,0,1,0,0,0,0,1,0,0,0,0,0,0,0,1,1,0
-1.3051042113203015,-0.5333735756561958,-0.25789636297480556,-0.20524344361051802,1.5360411868397097,0,0,0,0,1,0,0,0,0,0,1,0,1,0,0,0,0,1,0,0,0,1,0
-0.13802274028506226,1.5501169542508186,-0.25789636297480556,-0.20524344361051802,-1.2617851260457522,0,1,0,1,0,0,0,0,1,0,0,0,0,1,0,0,0,0,1,0,0,1,0
-1.2436788707394995,1.3186180064833726,-0.25789636297480556,-0.20524344361051802,-0.26009422390157444,1,0,0,0,1,0,0,0,0,0,1,0,0,1,0,0,0,0,0,0,1,1,0
0.47623066552295845,-0.07037568012130366,-0.25789636297480556,-0.20524344361051802,-0.018306764763324667,1,0,0,0,1,0,0,1,0,0,0,0,0,0,1,0,0,0,0,0,1,1,0
0.23052930319975018,-1.45936936672598,-0.25789636297480556,-0.20524344361051802,0.9833841373808531,1,0,0,1,0,0,0,0,0,0,0,0,0,0,1,0,0,0,0,0,1,0,1
1.3361854336541874,-1.690868314493426,-0.25789636297480556,-0.20524344361051802,0.22348069437492513,1,0,0,0,1,0,0,1,0,0,0,0,1,0,0,0,0,0,0,0,1,1,0
0.7833573684269688,-0.9963714711910879,-0.25789636297480556,-0.20524344361051802,-0.08738889594568175,0,1,0,0,0,0,0,0,1,0,0,0,0,0,0,0,1,0,0,0,1,0,0
0.9062080495885729,-0.3018746278887497,-0.25789636297480556,3.8531677658447014,-1.434490454001645,0,0,0,0,0,0,0,0,0,0,1,0,0,0,0,0,0,0,0,0,1,1,0
-0.3222987620274685,1.5501169542508186,1.9909934587295588,-0.20524344361051802,0.1889396287837466,0,0,0,0,1,0,0,0,0,0,0,0,0,0,1,0,0,0,0,0,1,1,0
-0.8751268272546872,0.6241211631810345,-0.25789636297480556,-0.20524344361051802,1.3287947932926385,1,0,0,0,1,0,0,1,0,0,0,0,0,0,0,1,0,0,0,0,1,0,1
1.5204614553965936,0.39262221541358844,-0.25789636297480556,-0.20524344361051802,-1.0890797980898594,1,0,0,1,0,0,0,0,0,1,0,0,0,0,1,0,0,0,0,0,1,1,1
0.1691039626189481,-1.2278704189585339,-0.25789636297480556,-0.20524344361051802,-0.5018816830398243,0,0,1,1,0,0,0,0,1,0,0,0,0,0,0,0,1,0,0,0,1,1,1
0.1691039626189481,-1.2278704189585339,-0.25789636297480556,-0.20524344361051802,1.3633358588838171,0,0,0,1,0,0,0,0,1,0,0,0,0,0,0,0,1,0,0,0,1,1,1
-0.3222987620274685,-0.7648725234236419,-0.25789636297480556,-0.20524344361051802,1.0870073341543887,1,0,0,0,0,0,1,0,0,1,0,0,0,1,0,0,0,0,0,0,1,1,0
0.7219320278461667,-0.7648725234236419,5.831387248050691,-0.20524344361051802,-0.6055048798133599,0,0,0,1,0,0,0,1,0,0,0,0,0,0,0,0,0,0,0,0,1,0,0
1.3976107742349895,1.0871190587159265,-0.25789636297480556,-0.20524344361051802,-0.8818334045427882,0,0,0,1,0,0,0,0,1,0,0,0,0,0,0,0,1,0,0,0,1,1,0
1.2133347524925833,0.39262221541358844,-0.25789636297480556,-0.20524344361051802,-1.4690315195928234,1,0,0,0,0,0,0,0,0,0,0,0,0,0,1,0,0,0,0,1,0,1,0
1.2133347524925833,-1.2278704189585339,-0.25789636297480556,-0.20524344361051802,-1.2617851260457522,1,0,0,0,0,1,0,1,0,0,0,0,0,0,1,0,0,0,0,0,1,1,1
1.3976107742349895,0.1611232676461424,-0.25789636297480556,-0.20524344361051802,1.4324179900661742,1,0,0,0,1,0,0,1,0,0,0,0,1,0,0,0,0,0,0,0,1,1,0
-1.0594028489970932,-0.9963714711910879,-0.25789636297480556,-0.20524344361051802,0.6725145470602462,1,0,0,1,0,0,0,0,0,0,1,0,0,0,0,0,1,0,0,0,1,0,0
0.5990813466845626,1.0871190587159265,-0.25789636297480556,-0.20524344361051802,1.3978769244749956,1,0,0,1,0,0,0,0,1,0,0,0,0,0,0,1,0,0,0,0,1,0,1
-1.6736562548051142,1.0871190587159265,2.7385227302150694,-0.20524344361051802,-0.26009422390157444,0,1,0,1,0,0,0,0,1,0,0,0,0,1,0,0,0,0,1,0,0,1,0
-1.6122309142243119,1.5501169542508186,-0.25789636297480556,-0.20524344361051802,-0.6400459454045384,1,0,0,1,0,0,0,0,0,1,0,0,0,0,0,0,0,0,0,0,1,1,1
1.2133347524925833,-1.2278704189585339,4.795572037169247,-0.20524344361051802,0.8452198750161389,1,0,0,1,0,0,0,0,0,0,1,0,0,0,0,1,0,0,1,0,0,0,0
0.47623066552295845,0.6241211631810345,-0.25789636297480556,-0.20524344361051802,-0.8127512733604312,1,0,0,0,1,0,0,0,0,0,1,0,0,1,0,0,0,0,0,0,1,1,0
1.2133347524925833,-1.45936936672598,-0.25789636297480556,4.185766417709384,1.2597126621102814,1,0,0,0,0,1,0,0,1,0,0,0,0,0,1,0,0,0,1,0,0,1,0
1.6433121365581977,0.39262221541358844,-0.25789636297480556,-0.20524344361051802,0.914302006198496,0,0,0,1,0,0,0,1,0,0,0,0,0,0,0,1,0,0,0,0,1,1,0
-0.752276146093083,1.0871190587159265,-0.25789636297480556,-0.20524344361051802,-0.6055048798133599,1,0,0,0,1,0,0,0,0,0,1,0,0,1,0,0,0,0,1,0,0,1,0
1.2133347524925833,0.6241211631810345,-0.25789636297480556,-0.20524344361051802,1.4324179900661742,1,0,0,0,1,0,0,0,0,1,0,0,0,0,1,0,0,0,0,0,1,1,0
-1.6736562548051142,0.1611232676461424,-0.25789636297480556,-0.20524344361051802,1.6396643836132454,0,1,0,1,0,0,0,0,0,0,1,0,0,0,1,0,0,0,0,0,1,0,1
-1.6736562548051142,-0.9963714711910879,-0.25789636297480556,-0.20524344361051802,0.08531643201021095,1,0,0,0,1,0,0,0,0,1,0,0,0,0,1,0,0,0,0,0,1,1,0
-0.07659739970426017,-1.2278704189585339,-0.25789636297480556,-0.20524344361051802,-1.0199976669075024,1,0,0,1,0,0,0,0,0,0,1,0,0,0,1,0,0,1,0,0,0,1,0
1.5204614553965936,-0.3018746278887497,-0.25789636297480556,-0.20524344361051802,-0.32917635508393156,1,0,0,1,0,0,0,0,0,1,0,0,0,0,1,0,0,0,0,0,1,1,0
-0.38372410260827056,-0.07037568012130366,1.5176632869095326,-0.20524344361051802,0.3271038911484608,1,0,0,0,1,0,0,0,0,0,1,0,1,0,0,0,0,0,0,0,1,1,1
0.47623066552295845,0.6241211631810345,-0.25789636297480556,-0.20524344361051802,0.9488430717896745,1,0,0,1,0,0,0,0,0,0,1,0,0,0,0,1,0,0,1,0,0,1,0
0.1691039626189481,1.3186180064833726,-0.25789636297480556,-0.20524344361051802,-1.2272440604545736,1,0,0,0,0,0,1,0,0,0,0,0,0,1,0,0,0,0,0,0,1,0,0
0.23052930319975018,-1.45936936672598,-0.25789636297480556,-0.20524344361051802,-0.19101209271921737,1,0,0,1,0,0,0,0,0,1,0,0,1,0,0,0,0,0,0,0,1,1,0
-1.7350815953859162,-0.3018746278887497,-0.25789636297480556,-0.20524344361051802,1.2597126621102814,0,0,0,0,1,0,0,0,0,1,0,0,1,0,0,0,0,0,0,0,1,1,0
-0.6294254649314788,0.8556201109484806,-0.25789636297480556,-0.20524344361051802,1.1215483997455673,1,0,0,1,0,0,0,0,0,1,0,0,0,0,0,0,1,0,0,0,1,1,1
-1.6736562548051142,-0.7648725234236419,-0.25789636297480556,-0.20524344361051802,-0.05284783035450321,1,0,0,1,0,0,0,0,0,0,0,1,0,0,0,0,1,0,1,0,0,1,0
1.4590361148157915,1.5501169542508186,-0.25789636297480556,-0.20524344361051802,1.5015001212485313,1,0,0,1,0,0,0,0,0,0,1,0,0,0,0,0,1,0,0,0,1,1,0
0.9062080495885729,0.6241211631810345,-0.25789636297480556,-0.20524344361051802,-0.22555315831039593,1,0,0,0,1,0,0,0,0,1,0,0,0,0,0,0,0,0,0,0,1,0,1
-0.19944808086586432,-0.7648725234236419,-0.25789636297480556,-0.20524344361051802,-1.1581619292722165,1,0,0,0,0,0,0,0,1,0,0,0,0,0,0,0,1,0,0,0,0,1,0
0.1691039626189481,-1.2278704189585339,-0.25789636297480556,-0.20524344361051802,-0.5018816830398243,1,0,0,0,0,0,0,0,0,0,0,1,0,1,0,0,0,0,0,0,1,0,1
-1.4279548924819057,-0.7648725234236419,-0.25789636297480556,-0.20524344361051802,0.1198574976013895,0,0,0,0,1,0,0,0,0,0,0,0,1,0,0,0,0,0,0,0,1,1,0
0.1691039626189481,0.8556201109484806,-0.25789636297480556,-0.20524344361051802,-0.5364227486310028,1,0,0,0,1,0,0,0,0,1,0,0,0,1,0,0,0,0,0,0,1,1,0
1.5818867959773957,-1.45936936672598,-0.25789636297480556,-0.20524344361051802,-1.6071957819575375,1,0,0,0,1,0,0,0,0,1,0,0,0,0,0,1,0,0,0,0,1,1,0
-1.5508055736435098,-0.9963714711910879,-0.25789636297480556,-0.20524344361051802,0.6379734814690676,1,0,0,0,1,0,0,0,0,0,0,1,0,0,0,0,1,0,0,0,1,1,1
1.5818867959773957,-0.5333735756561958,-0.25789636297480556,-0.20524344361051802,-1.5381136507751805,0,0,1,0,1,0,0,0,0,0,1,0,0,0,0,0,0,1,0,0,0,1,0
-1.1208281895778953,-1.690868314493426,1.4674943664660054,-0.20524344361051802,-1.365408322819288,1,0,0,0,1,0,0,0,1,0,0,0,0,0,0,1,0,0,0,0,1,1,0
1.6433121365581977,0.39262221541358844,-0.25789636297480556,0.8597798990625604,0.08531643201021095,1,0,0,0,0,0,0,0,0,0,0,0,0,0,0,0,0,0,0,0,1,1,0
-0.752276146093083,-0.9963714711910879,-0.25789636297480556,-0.20524344361051802,-0.7091280765868955,1,0,0,1,0,0,0,0,0,1,0,0,0,0,0,1,0,0,0,0,1,1,0
0.5376560061037605,-0.5333735756561958,-0.25789636297480556,-0.20524344361051802,1.6051233180220668,0,1,0,0,0,0,0,0,0,0,1,0,1,0,0,0,0,0,0,0,1,1,0
-0.3222987620274685,0.1611232676461424,-0.25789636297480556,-0.20524344361051802,-0.6400459454045384,1,0,0,0,1,0,0,0,1,0,0,0,0,1,0,0,0,1,0,0,0,1,0
-1.4893802330627077,1.3186180064833726,-0.25789636297480556,-0.20524344361051802,0.5688913502867106,0,0,0,1,0,0,0,0,1,0,0,0,0,0,1,0,0,0,1,0,0,1,0
1.3976107742349895,0.6241211631810345,-0.25789636297480556,4.392756004242191,0.914302006198496,1,0,0,1,0,0,0,0,0,0,0,0,0,1,0,0,0,0,0,0,1,1,0
0.29195464378055225,0.6241211631810345,1.684357557053173,-0.20524344361051802,1.4324179900661742,1,0,0,1,0,0,0,1,0,0,0,0,0,0,0,0,1,0,0,0,1,1,0
-1.4279548924819057,1.0871190587159265,-0.25789636297480556,-0.20524344361051802,0.6725145470602462,1,0,0,0,1,0,0,0,1,0,0,0,0,0,1,0,0,0,0,0,1,0,1
-0.4451494431890726,-1.45936936672598,-0.25789636297480556,-0.20524344361051802,-0.43279955185746716,1,0,0,0,0,0,0,1,0,0,0,0,0,0,0,0,0,0,0,0,1,1,0
-1.1208281895778953,0.6241211631810345,-0.25789636297480556,-0.20524344361051802,-0.7782102077692526,1,0,0,1,0,0,0,0,1,0,0,0,1,0,0,0,0,0,0,0,1,1,0
1.1519094119117812,-0.3018746278887497,-0.25789636297480556,-0.20524344361051802,1.2942537277014599,1,0,0,0,0,0,0,0,0,0,0,0,1,0,0,0,0,0,0,0,1,1,1
-0.8137014866738851,-0.5333735756561958,-0.25789636297480556,-0.20524344361051802,-0.5709638142221813,0,1,0,0,0,0,0,0,0,0,0,1,0,0,0,0,0,0,0,0,1,1,0
0.23052930319975018,-1.45936936672598,-0.25789636297480556,-0.20524344361051802,0.6379734814690676,1,0,0,1,0,0,0,0,0,0,0,0,0,0,0,0,1,0,0,0,1,1,0
-1.2436788707394995,-0.07037568012130366,-0.25789636297480556,-0.20524344361051802,0.3271038911484608,1,0,0,0,0,0,0,0,0,0,0,0,0,0,0,0,0,0,0,0,1,1,0
-1.4279548924819057,-0.3018746278887497,-0.25789636297480556,-0.20524344361051802,0.4998092191043535,1,0,0,0,0,0,1,0,0,0,0,1,0,0,0,1,0,0,0,0,1,1,0
-0.8137014866738851,0.6241211631810345,-0.25789636297480556,-0.20524344361051802,1.2251715965191028,1,0,0,0,1,0,0,0,0,0,0,1,0,0,0,0,1,0,0,0,1,1,0
-0.015172059123458105,-0.7648725234236419,-0.25789636297480556,-0.20524344361051802,1.3287947932926385,1,0,0,0,0,0,0,0,0,0,1,0,0,0,1,0,0,0,0,0,1,1,0
-1.6122309142243119,0.8556201109484806,-0.25789636297480556,-0.20524344361051802,-0.19101209271921737,1,0,0,0,0,0,1,0,1,0,0,0,0,0,0,0,0,0,0,0,1,0,0
-0.5680001243506767,-0.7648725234236419,-0.25789636297480556,-0.20524344361051802,1.5705822524308883,1,0,0,0,1,0,0,0,0,0,1,0,0,0,0,0,1,1,0,0,0,1,0
0.4148053249421564,-0.3018746278887497,-0.25789636297480556,-0.20524344361051802,1.3287947932926385,0,0,0,1,0,0,0,0,0,0,0,1,0,0,1,0,0,0,0,0,1,1,0
-0.6294254649314788,0.1611232676461424,-0.25789636297480556,-0.20524344361051802,-0.018306764763324667,0,0,0,0,0,0,0,1,0,0,0,0,0,0,0,0,0,0,0,0,1,1,1
-0.19944808086586432,0.6241211631810345,-0.25789636297480556,-0.20524344361051802,0.1198574976013895,1,0,0,0,1,0,0,1,0,0,0,0,1,0,0,0,0,0,0,0,1,1,1
-1.6122309142243119,1.5501169542508186,-0.25789636297480556,-0.20524344361051802,0.8452198750161389,1,0,0,0,1,0,0,0,0,0,0,0,0,0,0,0,0,0,0,0,1,1,0
-0.6294254649314788,0.1611232676461424,-0.25789636297480556,-0.20524344361051802,-0.018306764763324667,1,0,0,1,0,0,0,0,0,1,0,0,0,1,0,0,0,0,0,1,0,1,0
-0.5680001243506767,0.1611232676461424,-0.25789636297480556,-0.20524344361051802,0.5688913502867106,1,0,0,0,1,0,0,0,0,0,0,0,0,0,0,0,0,0,0,0,1,1,0
0.1691039626189481,-0.5333735756561958,-0.25789636297480556,-0.20524344361051802,1.5705822524308883,1,0,0,1,0,0,0,0,0,0,0,0,0,1,0,0,0,0,0,0,1,1,1
-1.3665295519011036,0.39262221541358844,5.662221602515744,3.3259635198038753,0.4652681535131749,1,0,0,0,0,1,0,0,0,1,0,0,0,0,1,0,0,0,1,0,0,0,0
1.3976107742349895,-0.5333735756561958,-0.25789636297480556,-0.20524344361051802,-0.8472923389516097,0,1,0,1,0,0,0,0,1,0,0,0,0,0,0,0,0,0,0,0,1,0,0
0.7219320278461667,-1.2278704189585339,-0.25789636297480556,1.4099829880514763,-1.5726547163663591,1,0,0,1,0,0,0,0,0,0,0,1,0,0,1,0,0,0,0,0,1,1,0
0.23052930319975018,-1.690868314493426,-0.25789636297480556,-0.20524344361051802,0.050775366419032415,1,0,0,1,0,0,0,1,0,0,0,0,0,0,1,0,0,0,0,0,1,1,0
0.6605066872653647,-0.3018746278887497,5.886375350507266,-0.20524344361051802,-1.3308672572281093,1,0,0,1,0,0,0,0,0,0,0,0,0,0,0,0,1,0,0,0,1,1,0
0.5990813466845626,-0.9963714711910879,-0.25789636297480556,-0.20524344361051802,-1.123620863681038,1,0,0,0,1,0,0,0,0,1,0,0,0,0,1,0,0,0,0,0,1,1,0
-0.6908508055122808,-1.690868314493426,4.381802012279714,-0.20524344361051802,0.5688913502867106,1,0,0,0,0,0,0,0,0,0,1,0,0,0,1,0,0,0,0,0,1,1,0
0.6605066872653647,1.5501169542508186,5.462966961591636,-0.20524344361051802,0.7070556126514247,1,0,0,0,0,0,0,0,0,0,0,0,0,0,0,0,0,0,0,0,1,1,0
-1.7350815953859162,-0.07037568012130366,-0.25789636297480556,-0.20524344361051802,0.8106788094249604,1,0,0,1,0,0,0,1,0,0,0,0,0,0,0,0,0,1,0,0,0,0,0
-1.1208281895778953,0.8556201109484806,-0.25789636297480556,-0.20524344361051802,0.6725145470602462,0,1,0,1,0,0,0,0,0,0,0,1,1,0,0,0,0,0,0,0,1,1,0
-0.07659739970426017,-0.5333735756561958,4.351095173042728,-0.20524344361051802,1.1906305309279244,1,0,0,0,0,0,0,0,0,0,0,0,0,0,0,0,1,0,0,0,1,1,0
1.7047374771389998,-0.5333735756561958,-0.25789636297480556,-0.20524344361051802,-0.7091280765868955,1,0,0,0,0,1,0,0,0,0,0,0,0,0,1,0,0,0,0,0,1,1,0
-0.26087342144666636,-1.45936936672598,-0.25789636297480556,-0.20524344361051802,1.2251715965191028,1,0,0,0,1,0,0,0,1,0,0,0,0,0,0,0,1,0,0,0,1,0,0
1.2747600930733853,1.5501169542508186,-0.25789636297480556,-0.20524344361051802,0.8106788094249604,1,0,0,0,1,0,0,0,0,1,0,0,0,1,0,0,0,0,0,0,1,1,1
-0.38372410260827056,-1.690868314493426,-0.25789636297480556,-0.20524344361051802,1.4669590556573526,1,0,0,1,0,0,0,0,0,0,1,0,0,0,1,0,0,0,1,0,0,1,1
0.10767862203814604,1.0871190587159265,-0.25789636297480556,-0.20524344361051802,0.7761377438337818,0,1,0,0,0,0,0,0,0,0,1,0,0,0,0,0,1,0,0,0,1,1,0
0.04625328145734397,1.3186180064833726,-0.25789636297480556,-0.20524344361051802,1.5705822524308883,0,0,0,0,1,0,0,0,0,0,0,1,1,0,0,0,0,0,0,0,1,0,0
0.7833573684269688,1.3186180064833726,-0.25789636297480556,-0.20524344361051802,-1.0199976669075024,0,0,0,1,0,0,0,1,0,0,0,0,1,0,0,0,0,0,0,0,1,1,1
0.3533799843613543,-1.45936936672598,-0.25789636297480556,-0.20524344361051802,-0.7782102077692526,1,0,0,1,0,0,0,0,0,0,0,1,0,0,1,0,0,0,0,0,1,0,0
-1.3665295519011036,-0.9963714711910879,-0.25789636297480556,-0.20524344361051802,-1.434490454001645,1,0,0,0,0,0,0,0,0,0,0,0,0,1,0,0,0,1,0,0,0,1,0
-0.8137014866738851,-1.45936936672598,-0.25789636297480556,-0.20524344361051802,1.2251715965191028,1,0,0,1,0,0,0,0,0,0,0,0,1,0,0,0,0,0,0,0,1,1,0
-0.19944808086586432,-1.690868314493426,-0.25789636297480556,-0.20524344361051802,0.39618602233081784,1,0,0,1,0,0,0,0,0,0,1,0,1,0,0,0,0,0,1,0,0,1,0
1.1519094119117812,-0.3018746278887497,-0.25789636297480556,-0.20524344361051802,-0.743669142178074,0,0,0,0,1,0,0,1,0,0,0,0,0,1,0,0,0,0,0,0,1,1,1
1.7047374771389998,0.6241211631810345,-0.25789636297480556,-0.20524344361051802,1.2942537277014599,1,0,0,1,0,0,0,0,0,1,0,0,0,0,0,0,1,0,0,0,1,1,0
1.3976107742349895,0.6241211631810345,-0.25789636297480556,-0.20524344361051802,0.7070556126514247,1,0,0,1,0,0,0,1,0,0,0,0,1,0,0,0,0,0,0,0,1,0,0
1.2133347524925833,1.5501169542508186,4.9731403590346375,-0.20524344361051802,-1.6071957819575375,1,0,0,0,0,0,0,0,0,0,0,0,0,0,0,0,0,0,0,0,1,1,0
-1.6736562548051142,0.8556201109484806,-0.25789636297480556,-0.20524344361051802,0.6725145470602462,1,0,0,0,0,0,0,0,0,1,0,0,0,0,0,1,0,0,0,0,1,1,0
-1.7350815953859162,-0.07037568012130366,-0.25789636297480556,-0.20524344361051802,0.8106788094249604,1,0,0,0,0,0,0,1,0,0,0,0,0,0,0,1,0,0,0,0,1,1,0
1.1519094119117812,-0.5333735756561958,4.455448998940655,-0.20524344361051802,-1.4690315195928234,1,0,0,0,0,0,0,1,0,0,0,0,1,0,0,0,0,0,0,0,1,1,0
-1.0594028489970932,-0.9963714711910879,0.23063276750175724,-0.20524344361051802,0.3616449567396393,1,0,0,0,1,0,0,0,0,1,0,0,0,0,0,0,1,0,0,0,1,1,0
-1.4893802330627077,1.3186180064833726,-0.25789636297480556,5.141102970937727,-1.5726547163663591,0,0,0,0,0,0,0,0,0,0,0,0,0,0,0,0,1,0,0,0,1,1,1
0.47623066552295845,-0.5333735756561958,-0.25789636297480556,-0.20524344361051802,-1.5381136507751805,0,1,0,1,0,0,0,1,0,0,0,0,0,0,1,0,0,0,0,0,1,0,1
0.1691039626189481,-1.2278704189585339,-0.25789636297480556,-0.20524344361051802,-1.3308672572281093,1,0,0,0,1,0,0,0,0,1,0,0,0,0,0,0,0,1,0,0,0,1,1
1.5818867959773957,0.8556201109484806,-0.25789636297480556,-0.20524344361051802,-1.1927029948633951,1,0,0,0,0,0,1,0,1,0,0,0,0,0,0,0,1,0,0,0,1,0,0
-1.2436788707394995,-0.07037568012130366,-0.25789636297480556,-0.20524344361051802,0.4998092191043535,1,0,0,1,0,0,0,0,1,0,0,0,0,1,0,0,0,0,0,0,1,1,1
0.7219320278461667,0.39262221541358844,-0.25789636297480556,-0.20524344361051802,1.6742054492044238,1,0,0,1,0,0,0,0,0,0,0,0,0,0,0,0,0,0,0,0,1,0,0
0.3533799843613543,1.3186180064833726,-0.25789636297480556,-0.20524344361051802,-1.2617851260457522,1,0,0,0,1,0,0,0,0,1,0,0,0,0,0,1,0,0,0,0,1,1,0
-0.6294254649314788,1.0871190587159265,-0.25789636297480556,-0.20524344361051802,-1.4690315195928234,1,0,0,1,0,0,0,0,1,0,0,0,0,0,0,0,0,0,0,0,1,1,0
1.1519094119117812,1.0871190587159265,-0.25789636297480556,-0.20524344361051802,-1.503572585184002,1,0,0,1,0,0,0,0,0,1,0,0,0,1,0,0,0,0,0,0,1,1,0
-0.8137014866738851,-1.45936936672598,1.2930152638397485,-0.20524344361051802,0.22348069437492513,1,0,0,0,0,0,0,1,0,0,0,0,1,0,0,0,0,0,0,0,1,1,0
-1.6122309142243119,-0.7648725234236419,-0.25789636297480556,-0.20524344361051802,0.4998092191043535,1,0,0,0,0,0,1,0,0,0,0,0,0,1,0,0,0,1,0,0,0,0,0
-0.5680001243506767,-1.690868314493426,3.970503362781487,-0.20524344361051802,0.016234300827853876,1,0,0,1,0,0,0,0,1,0,0,0,0,1,0,0,0,0,0,0,1,1,0
-0.3222987620274685,-0.5333735756561958,5.757369555081054,-0.20524344361051802,-0.6745870109957169,0,0,0,1,0,0,0,1,0,0,0,0,1,0,0,0,0,0,0,0,1,1,0
1.5204614553965936,-1.45936936672598,-0.25789636297480556,-0.20524344361051802,-0.9509155357251453,0,1,0,1,0,0,0,0,0,0,0,1,1,0,0,0,0,0,0,0,1,0,0
1.6433121365581977,-0.9963714711910879,-0.25789636297480556,-0.20524344361051802,-0.8472923389516097,1,0,0,0,0,0,0,0,0,0,0,1,1,0,0,0,0,0,0,0,1,1,0
0.23052930319975018,-0.5333735756561958,-0.25789636297480556,-0.20524344361051802,-0.743669142178074,0,0,0,0,1,0,0,0,0,0,0,0,1,0,0,0,0,0,0,0,1,1,1
-0.3222987620274685,0.39262221541358844,-0.25789636297480556,-0.20524344361051802,1.1906305309279244,1,0,0,1,0,0,0,0,1,0,0,0,1,0,0,0,0,0,0,0,1,1,0
1.3976107742349895,0.6241211631810345,-0.25789636297480556,-0.20524344361051802,-0.3637174206751101,0,0,0,0,1,0,0,0,1,0,0,0,0,1,0,0,0,0,0,0,1,0,0
-1.1208281895778953,-0.07037568012130366,-0.25789636297480556,-0.20524344361051802,0.6034324158778891,0,1,0,1,0,0,0,0,1,0,0,0,0,0,1,0,0,0,0,0,1,1,0
1.2133347524925833,0.8556201109484806,3.977176076338015,-0.20524344361051802,-1.5381136507751805,1,0,0,0,1,0,0,0,0,1,0,0,0,0,1,0,0,0,0,0,1,1,1
-1.3051042113203015,-0.07037568012130366,-0.25789636297480556,-0.20524344361051802,0.534350284695532,1,0,0,0,0,0,0,1,0,0,0,0,0,0,0,0,1,0,0,0,1,1,0
0.4148053249421564,0.6241211631810345,-0.25789636297480556,-0.20524344361051802,-1.1927029948633951,1,0,0,0,1,0,0,0,1,0,0,0,0,0,1,0,0,0,0,0,1,0,0
0.5376560061037605,-0.5333735756561958,-0.25789636297480556,-0.20524344361051802,1.3978769244749956,1,0,0,0,1,0,0,1,0,0,0,0,0,0,0,1,0,0,0,0,1,1,1
0.6605066872653647,-0.9963714711910879,-0.25789636297480556,-0.20524344361051802,0.6034324158778891,1,0,0,1,0,0,0,0,0,0,0,0,0,0,1,0,0,0,1,0,0,1,0
-0.5680001243506767,-0.07037568012130366,2.0885510023013927,-0.20524344361051802,-0.32917635508393156,1,0,0,0,1,0,0,0,1,0,0,0,0,1,0,0,0,0,1,0,0,1,0
0.3533799843613543,1.0871190587159265,-0.25789636297480556,-0.20524344361051802,1.6742054492044238,1,0,0,0,1,0,0,0,0,0,0,0,1,0,0,0,0,0,0,0,1,0,0
1.1519094119117812,-0.07037568012130366,-0.25789636297480556,-0.20524344361051802,0.6725145470602462,0,0,0,1,0,0,0,0,1,0,0,0,1,0,0,0,0,0,0,0,1,0,0
-0.26087342144666636,0.39262221541358844,-0.25789636297480556,-0.20524344361051802,1.5705822524308883,0,0,1,0,1,0,0,0,0,0,0,1,0,1,0,0,0,0,0,0,1,0,0
0.3533799843613543,1.3186180064833726,-0.25789636297480556,-0.20524344361051802,0.9488430717896745,1,0,0,1,0,0,0,0,0,0,1,0,0,0,0,1,0,0,0,0,1,1,0
-0.26087342144666636,-1.690868314493426,-0.25789636297480556,-0.20524344361051802,-0.22555315831039593,1,0,0,0,0,0,0,0,0,0,0,0,0,0,1,0,0,0,0,0,1,1,0
-0.015172059123458105,-0.9963714711910879,-0.25789636297480556,-0.20524344361051802,-1.6762779131398946,1,0,0,1,0,0,0,0,1,0,0,0,0,1,0,0,0,0,0,0,1,1,0
-0.6908508055122808,-0.9963714711910879,-0.25789636297480556,-0.20524344361051802,-0.9509155357251453,1,0,0,0,0,0,1,0,0,0,1,0,0,0,0,0,1,0,0,0,1,0,0
1.029058730750177,-0.3018746278887497,5.340139604643691,-0.20524344361051802,0.4307270879219964,0,0,0,1,0,0,0,0,0,0,0,0,1,0,0,0,0,0,0,0,1,1,0
-0.6908508055122808,1.3186180064833726,2.315237910069005,-0.20524344361051802,1.0179252029720316,1,0,0,0,0,0,0,0,0,1,0,0,0,0,0,0,0,0,0,0,1,1,0
-1.6736562548051142,1.3186180064833726,-0.25789636297480556,-0.20524344361051802,-0.8127512733604312,1,0,0,0,1,0,0,0,1,0,0,0,0,0,0,0,1,0,0,0,0,0,0
1.5204614553965936,0.6241211631810345,-0.25789636297480556,-0.20524344361051802,-1.0890797980898594,1,0,0,0,1,0,0,0,0,1,0,0,0,0,0,1,0,0,0,0,1,1,0
0.3533799843613543,-0.3018746278887497,-0.25789636297480556,-0.20524344361051802,-0.05284783035450321,1,0,0,1,0,0,0,0,0,0,0,1,0,0,0,0,1,0,0,0,1,1,0
-0.8137014866738851,1.0871190587159265,-0.25789636297480556,-0.20524344361051802,-1.3999493884104663,1,0,0,0,1,0,0,0,1,0,0,0,0,1,0,0,0,0,0,0,1,1,0
0.7219320278461667,0.6241211631810345,-0.25789636297480556,-0.20524344361051802,-1.6762779131398946,0,0,0,0,0,0,0,0,0,0,0,1,0,0,1,0,0,0,0,0,1,1,0
0.4148053249421564,1.5501169542508186,-0.25789636297480556,-0.20524344361051802,-1.3999493884104663,1,0,0,1,0,0,0,0,0,0,1,0,1,0,0,0,0,0,0,0,1,0,0
0.23052930319975018,-0.07037568012130366,-0.25789636297480556,-0.20524344361051802,-0.9163744701339668,1,0,0,1,0,0,0,0,0,0,0,0,0,0,0,1,0,0,0,0,1,1,1
-1.5508055736435098,0.6241211631810345,-0.25789636297480556,-0.20524344361051802,-0.15647102712803884,1,0,0,0,1,0,0,1,0,0,0,0,0,0,0,1,0,0,0,1,0,1,0
0.23052930319975018,-0.7648725234236419,-0.25789636297480556,-0.20524344361051802,-1.6417368475487162,0,0,0,0,1,0,0,0,0,0,0,1,0,0,0,0,0,0,0,0,1,1,0
-0.9365521678354892,-0.3018746278887497,-0.25789636297480556,-0.20524344361051802,-1.2272440604545736,0,0,0,1,0,0,0,1,0,0,0,0,0,0,0,0,1,0,0,0,1,1,0
-0.5065747837698746,-0.07037568012130366,-0.25789636297480556,-0.20524344361051802,-0.3982584862662886,1,0,0,1,0,0,0,1,0,0,0,0,0,0,0,0,0,0,0,0,1,1,0
1.1519094119117812,1.5501169542508186,-0.25789636297480556,-0.20524344361051802,-0.32917635508393156,1,0,0,1,0,0,0,0,0,0,0,0,0,0,1,0,0,0,0,0,1,1,0
-0.5680001243506767,0.1611232676461424,2.2233027455123935,-0.20524344361051802,0.4652681535131749,1,0,0,0,1,0,0,0,0,0,1,0,0,0,1,0,0,0,0,0,1,1,0
1.6433121365581977,-1.2278704189585339,-0.25789636297480556,-0.20524344361051802,1.1215483997455673,1,0,0,0,1,0,0,0,0,0,0,0,0,0,0,0,0,0,1,0,0,1,0
-1.3051042113203015,-1.2278704189585339,-0.25789636297480556,-0.20524344361051802,-1.1581619292722165,0,0,0,0,0,0,0,0,1,0,0,0,1,0,0,0,0,0,1,0,0,1,0
-1.3665295519011036,-0.9963714711910879,-0.25789636297480556,-0.20524344361051802,1.5015001212485313,1,0,0,0,0,0,1,0,0,0,0,1,0,0,1,0,0,0,0,0,1,1,0
-1.6122309142243119,-0.7648725234236419,-0.25789636297480556,-0.20524344361051802,0.8797609406073175,1,0,0,0,1,0,0,1,0,0,0,0,0,0,0,0,0,0,0,0,1,0,0
-0.752276146093083,0.39262221541358844,-0.25789636297480556,-0.20524344361051802,-1.503572585184002,1,0,0,1,0,0,0,0,0,0,0,0,0,0,0,0,1,0,0,0,1,0,0
0.23052930319975018,-1.690868314493426,-0.25789636297480556,-0.20524344361051802,-1.6071957819575375,1,0,0,1,0,0,0,0,0,0,0,0,0,0,0,0,0,0,0,0,1,0,0
1.1519094119117812,1.5501169542508186,-0.25789636297480556,-0.20524344361051802,-1.2272440604545736,1,0,0,1,0,0,0,0,0,0,0,0,0,0,0,0,0,0,1,0,0,1,1
-1.0594028489970932,1.5501169542508186,-0.25789636297480556,-0.20524344361051802,0.5688913502867106,0,1,0,0,0,1,0,0,0,0,0,1,0,1,0,0,0,0,0,0,1,1,0
1.3361854336541874,-0.3018746278887497,-0.25789636297480556,-0.20524344361051802,1.6051233180220668,1,0,0,0,1,0,0,0,0,0,1,0,0,0,1,0,0,0,0,0,1,1,0
-0.4451494431890726,0.1611232676461424,-0.25789636297480556,-0.20524344361051802,1.5705822524308883,1,0,0,1,0,0,0,0,0,0,0,0,1,0,0,0,0,0,0,0,1,1,1
1.5818867959773957,-0.07037568012130366,-0.25789636297480556,-0.20524344361051802,0.8797609406073175,1,0,0,1,0,0,0,0,0,0,0,1,1,0,0,0,0,0,0,0,1,1,0
-0.4451494431890726,1.5501169542508186,-0.25789636297480556,-0.20524344361051802,1.2597126621102814,1,0,0,0,1,0,0,1,0,0,0,0,0,1,0,0,0,1,0,0,0,1,0
1.029058730750177,1.5501169542508186,-0.25789636297480556,-0.20524344361051802,0.6034324158778891,1,0,0,0,1,0,0,0,1,0,0,0,0,0,0,1,0,0,0,0,1,0,1
0.04625328145734397,-0.7648725234236419,-0.25789636297480556,-0.20524344361051802,-0.6400459454045384,1,0,0,1,0,0,0,0,0,1,0,0,1,0,0,0,0,0,0,0,1,1,0
0.5376560061037605,1.3186180064833726,-0.25789636297480556,-0.20524344361051802,-0.5709638142221813,0,1,0,0,0,0,1,0,0,0,0,1,0,0,0,0,0,0,0,0,1,1,0
0.5376560061037605,1.3186180064833726,-0.25789636297480556,-0.20524344361051802,1.3287947932926385,1,0,0,0,1,0,0,0,0,1,0,0,0,1,0,0,0,0,0,0,1,0,0
0.967633390169375,-0.9963714711910879,-0.25789636297480556,-0.20524344361051802,-1.6762779131398946,1,0,0,1,0,0,0,0,0,0,0,0,0,0,0,0,1,0,0,0,1,1,0
1.3361854336541874,0.8556201109484806,-0.25789636297480556,-0.20524344361051802,-0.19101209271921737,1,0,0,0,0,0,0,0,0,0,0,0,0,0,1,0,0,0,0,0,1,0,1
1.5204614553965936,-0.3018746278887497,-0.25789636297480556,-0.20524344361051802,-1.1927029948633951,1,0,0,1,0,0,0,0,0,0,0,1,0,0,1,0,0,0,0,0,1,0,0
-1.3051042113203015,-0.7648725234236419,2.7044795341998187,-0.20524344361051802,-0.43279955185746716,0,0,0,0,0,0,0,0,0,1,0,0,0,0,1,0,0,0,0,0,1,0,1
-0.13802274028506226,-0.3018746278887497,-0.25789636297480556,-0.20524344361051802,-0.7782102077692526,0,1,0,0,0,0,1,0,0,0,0,0,0,0,0,0,0,0,0,0,1,1,0
-0.13802274028506226,0.8556201109484806,-0.25789636297480556,-0.20524344361051802,-0.05284783035450321,1,0,0,0,1,0,0,1,0,0,0,0,0,0,0,0,1,0,0,0,1,1,0
0.29195464378055225,-1.690868314493426,-0.25789636297480556,-0.20524344361051802,-0.7782102077692526,1,0,0,0,1,0,0,0,0,0,1,0,0,1,0,0,0,0,0,0,1,1,0
-0.5065747837698746,-1.690868314493426,-0.25789636297480556,-0.20524344361051802,-1.2963261916369306,1,0,0,1,0,0,0,0,0,0,1,0,0,1,0,0,0,0,0,0,1,1,0
0.04625328145734397,0.39262221541358844,-0.25789636297480556,-0.20524344361051802,0.6034324158778891,1,0,0,0,0,1,0,0,0,0,0,0,0,0,1,0,0,0,0,0,1,1,0
0.23052930319975018,1.3186180064833726,-0.25789636297480556,-0.20524344361051802,-0.6745870109957169,1,0,0,0,1,0,0,0,0,1,0,0,0,0,0,0,1,0,0,0,1,1,0
-0.07659739970426017,1.0871190587159265,-0.25789636297480556,-0.20524344361051802,1.6051233180220668,1,0,0,0,1,0,0,0,1,0,0,0,0,0,0,0,1,0,0,0,1,1,1
1.0904840713309791,-1.2278704189585339,-0.25789636297480556,-0.20524344361051802,1.2942537277014599,1,0,0,0,0,1,0,0,0,0,0,0,0,0,0,0,1,0,0,0,1,1,1
0.23052930319975018,1.3186180064833726,-0.25789636297480556,-0.20524344361051802,0.5688913502867106,1,0,0,0,0,0,1,0,1,0,0,0,1,0,0,0,0,1,0,0,0,0,0
-1.4893802330627077,0.6241211631810345,-0.25789636297480556,-0.20524344361051802,-1.4690315195928234,0,1,0,0,0,0,0,0,1,0,0,0,1,0,0,0,0,0,0,0,1,0,0
1.1519094119117812,-1.45936936672598,-0.25789636297480556,-0.20524344361051802,-0.5364227486310028,1,0,0,1,0,0,0,0,0,1,0,0,0,0,1,0,0,0,0,0,1,1,1
-0.6294254649314788,-1.45936936672598,-0.25789636297480556,-0.20524344361051802,-0.6055048798133599,1,0,0,0,0,0,1,0,1,0,0,0,0,0,0,0,1,0,0,0,1,1,0
-1.5508055736435098,-0.3018746278887497,-0.25789636297480556,-0.20524344361051802,-0.3637174206751101,0,1,0,0,1,0,0,1,0,0,0,0,0,0,0,1,0,0,0,0,1,0,0
0.3533799843613543,0.8556201109484806,-0.25789636297480556,2.24324875947842,1.6051233180220668,1,0,0,0,0,1,0,0,0,1,0,0,0,0,0,0,1,0,0,0,1,1,1
1.2133347524925833,0.39262221541358844,-0.25789636297480556,-0.20524344361051802,-0.22555315831039593,1,0,0,0,1,0,0,0,0,0,0,0,0,1,0,0,0,0,0,0,1,0,0
-0.752276146093083,-1.45936936672598,1.4076252976115993,-0.20524344361051802,-0.22555315831039593,1,0,0,1,0,0,0,1,0,0,0,0,0,1,0,0,0,0,0,0,1,0,0
0.9062080495885729,0.6241211631810345,-0.25789636297480556,-0.20524344361051802,0.9833841373808531,1,0,0,1,0,0,0,0,0,0,0,1,0,0,1,0,0,0,0,0,1,1,0
-0.07659739970426017,-0.9963714711910879,-0.25789636297480556,-0.20524344361051802,-1.6071957819575375,0,1,0,0,1,0,0,0,0,0,1,0,0,0,0,1,0,0,0,0,1,0,0
0.04625328145734397,-1.45936936672598,-0.25789636297480556,-0.20524344361051802,-0.1219299615368603,0,1,0,0,0,0,0,0,0,0,0,0,0,0,0,0,1,0,0,0,1,1,0
-0.015172059123458105,-0.5333735756561958,-0.25789636297480556,-0.20524344361051802,-0.6055048798133599,1,0,0,1,0,0,0,0,0,0,0,0,0,0,0,1,0,0,0,0,1,1,0
1.029058730750177,-0.07037568012130366,-0.25789636297480556,-0.20524344361051802,-0.22555315831039593,1,0,0,0,1,0,0,0,0,0,0,0,0,0,1,0,0,0,0,0,1,1,1
1.4590361148157915,0.39262221541358844,-0.25789636297480556,-0.20524344361051802,1.0870073341543887,1,0,0,1,0,0,0,1,0,0,0,0,0,1,0,0,0,0,0,0,1,1,0
-1.4279548924819057,-0.9963714711910879,-0.25789636297480556,-0.20524344361051802,-1.6071957819575375,1,0,0,0,0,0,0,0,0,0,0,1,0,1,0,0,0,0,1,0,0,0,0
0.3533799843613543,1.5501169542508186,-0.25789636297480556,-0.20524344361051802,0.8452198750161389,1,0,0,0,1,0,0,0,0,1,0,0,1,0,0,0,0,0,0,0,1,1,0
0.7219320278461667,-0.7648725234236419,-0.25789636297480556,-0.20524344361051802,0.4652681535131749,0,0,0,1,0,0,0,0,0,0,0,1,0,0,1,0,0,0,0,0,1,1,1
0.47623066552295845,-0.9963714711910879,-0.25789636297480556,5.272019461565314,-0.32917635508393156,1,0,0,1,0,0,0,1,0,0,0,0,0,0,1,0,0,0,1,0,0,1,1
-0.3222987620274685,-1.2278704189585339,-0.25789636297480556,-0.20524344361051802,-1.0890797980898594,0,0,0,1,0,0,0,0,0,0,0,0,0,0,0,0,1,0,0,0,1,0,1
-0.015172059123458105,-0.7648725234236419,-0.25789636297480556,-0.20524344361051802,0.6034324158778891,1,0,0,0,1,0,0,0,0,0,1,0,0,0,0,0,1,0,0,0,1,0,0
1.2133347524925833,1.3186180064833726,-0.25789636297480556,-0.20524344361051802,0.4307270879219964,1,0,0,1,0,0,0,0,0,0,0,0,1,0,0,0,0,0,0,0,1,0,1
1.029058730750177,0.1611232676461424,-0.25789636297480556,-0.20524344361051802,-1.365408322819288,1,0,0,1,0,0,0,0,0,1,0,0,0,0,0,0,0,0,1,0,0,0,0
1.4590361148157915,-0.07037568012130366,-0.25789636297480556,-0.20524344361051802,0.08531643201021095,0,0,0,0,0,1,0,0,1,0,0,0,0,0,0,1,0,1,0,0,0,1,0
0.10767862203814604,-0.07037568012130366,-0.25789636297480556,-0.20524344361051802,0.8106788094249604,0,1,0,0,0,0,0,0,0,0,1,0,0,0,0,0,0,0,0,0,1,1,0
0.3533799843613543,-0.07037568012130366,-0.25789636297480556,-0.20524344361051802,-0.1219299615368603,0,1,0,1,0,0,0,0,0,0,0,0,0,0,0,0,0,0,0,0,1,1,0
0.23052930319975018,0.8556201109484806,-0.25789636297480556,-0.20524344361051802,0.1889396287837466,1,0,0,0,0,0,1,0,0,0,1,0,0,0,1,0,0,0,0,0,1,1,1
1.3976107742349895,-0.07037568012130366,-0.25789636297480556,-0.20524344361051802,-0.1219299615368603,1,0,0,1,0,0,0,0,1,0,0,0,0,0,0,1,0,0,0,0,1,0,0
-0.5065747837698746,-0.3018746278887497,-0.25789636297480556,-0.20524344361051802,0.8797609406073175,0,0,0,0,1,0,0,0,0,0,0,1,0,0,1,0,0,0,0,0,1,1,0
0.1691039626189481,-0.07037568012130366,-0.25789636297480556,-0.20524344361051802,0.3616449567396393,1,0,0,0,1,0,0,1,0,0,0,0,0,0,0,1,0,0,0,0,1,0,0
-0.38372410260827056,0.6241211631810345,-0.25789636297480556,-0.20524344361051802,1.6396643836132454,1,0,0,1,0,0,0,0,0,0,0,0,0,1,0,0,0,0,0,0,1,1,0
0.23052930319975018,1.3186180064833726,-0.25789636297480556,-0.20524344361051802,-0.8127512733604312,1,0,0,1,0,0,0,0,0,1,0,0,0,0,1,0,0,0,0,0,1,1,0
-1.6122309142243119,-0.07037568012130366,-0.25789636297480556,-0.20524344361051802,-0.7782102077692526,0,0,1,1,0,0,0,0,0,0,0,1,0,0,1,0,0,0,0,0,1,1,0
-0.6908508055122808,1.0871190587159265,-0.25789636297480556,-0.20524344361051802,-0.3982584862662886,0,0,0,1,0,0,0,0,0,0,0,0,0,0,1,0,0,0,0,0,1,0,0
-0.26087342144666636,1.3186180064833726,-0.25789636297480556,-0.20524344361051802,-0.9509155357251453,1,0,0,0,1,0,0,0,0,0,0,1,1,0,0,0,0,0,0,0,1,0,0
0.7833573684269688,-0.07037568012130366,-0.048509082946340744,-0.20524344361051802,-0.8127512733604312,0,1,0,1,0,0,0,0,0,1,0,0,0,0,1,0,0,0,1,0,0,0,1
0.10767862203814604,0.8556201109484806,-0.25789636297480556,-0.20524344361051802,1.2597126621102814,0,0,0,1,0,0,0,0,0,0,0,0,0,0,0,0,1,0,0,0,1,1,1
1.5204614553965936,0.39262221541358844,-0.25789636297480556,-0.20524344361051802,0.6725145470602462,1,0,0,1,0,0,0,0,1,0,0,0,0,0,0,0,1,0,0,0,1,0,1
-1.6122309142243119,-0.3018746278887497,-0.25789636297480556,-0.20524344361051802,-0.5018816830398243,1,0,0,1,0,0,0,0,1,0,0,0,0,0,0,1,0,0,0,0,1,1,1
0.6605066872653647,0.8556201109484806,-0.25789636297480556,-0.20524344361051802,0.5688913502867106,0,0,0,0,1,0,0,0,0,1,0,0,0,1,0,0,0,0,0,0,1,1,0
1.029058730750177,-1.690868314493426,-0.25789636297480556,-0.20524344361051802,0.8106788094249604,1,0,0,1,0,0,0,0,0,0,1,0,1,0,0,0,0,0,1,0,0,0,1
-0.3222987620274685,-0.9963714711910879,-0.25789636297480556,1.298527056841503,0.050775366419032415,1,0,0,0,0,0,0,0,0,1,0,0,0,0,0,1,0,0,0,0,1,1,0
1.2747600930733853,1.0871190587159265,-0.25789636297480556,-0.20524344361051802,-1.0890797980898594,1,0,0,1,0,0,0,0,0,0,1,0,0,0,0,0,1,0,0,0,1,1,0
0.1691039626189481,1.0871190587159265,-0.25789636297480556,-0.20524344361051802,-0.22555315831039593,0,0,0,1,0,0,0,0,0,0,0,0,1,0,0,0,0,0,0,0,1,1,0
1.0904840713309791,-0.9963714711910879,-0.25789636297480556,6.989856115611094,-1.2963261916369306,0,0,1,0,1,0,0,0,0,0,1,0,1,0,0,0,0,0,0,0,1,1,1
-0.4451494431890726,-0.7648725234236419,-0.25789636297480556,-0.20524344361051802,-1.6071957819575375,0,0,0,1,0,0,0,0,0,0,0,0,0,1,0,0,0,0,0,0,1,0,0
-0.38372410260827056,0.39262221541358844,-0.25789636297480556,-0.20524344361051802,1.1215483997455673,1,0,0,0,1,0,0,0,0,0,0,0,1,0,0,0,0,0,0,0,1,1,0
-1.6736562548051142,-0.5333735756561958,-0.25789636297480556,-0.20524344361051802,-1.4690315195928234,0,0,0,0,1,0,0,1,0,0,0,0,0,0,1,0,0,0,0,0,1,0,0
-0.13802274028506226,-0.9963714711910879,-0.25789636297480556,-0.20524344361051802,1.6396643836132454,0,0,0,1,0,0,0,0,0,0,0,0,1,0,0,0,0,0,0,0,1,1,0
0.7833573684269688,1.5501169542508186,-0.25789636297480556,-0.20524344361051802,-1.503572585184002,1,0,0,1,0,0,0,0,0,0,1,0,0,1,0,0,0,0,0,0,1,1,1
-1.6736562548051142,-1.45936936672598,-0.25789636297480556,-0.20524344361051802,1.1215483997455673,0,0,0,1,0,0,0,1,0,0,0,0,0,0,0,1,0,0,1,0,0,1,0
-0.19944808086586432,-0.5333735756561958,-0.25789636297480556,-0.20524344361051802,-0.15647102712803884,1,0,0,1,0,0,0,1,0,0,0,0,0,1,0,0,0,0,0,0,1,1,0
-0.752276146093083,1.5501169542508186,-0.25789636297480556,-0.20524344361051802,1.2597126621102814,1,0,0,1,0,0,0,0,0,0,0,0,0,1,0,0,0,0,1,0,0,1,1
0.6605066872653647,-0.07037568012130366,1.5445394942899935,-0.20524344361051802,-0.3637174206751101,1,0,0,1,0,0,0,0,0,1,0,0,0,0,0,0,1,0,0,0,1,1,0
0.23052930319975018,1.5501169542508186,0.3843523168410374,-0.20524344361051802,0.050775366419032415,1,0,0,1,0,0,0,0,0,1,0,0,0,0,1,0,0,0,0,0,1,0,0
-1.2436788707394995,-0.07037568012130366,-0.25789636297480556,-0.20524344361051802,-1.3999493884104663,1,0,0,0,1,0,0,0,1,0,0,0,0,0,0,0,1,0,0,0,1,1,0
0.8447827090077709,-0.3018746278887497,-0.25789636297480556,-0.20524344361051802,-0.9163744701339668,1,0,0,0,1,0,0,1,0,0,0,0,0,0,0,1,0,0,0,0,1,1,0
1.5204614553965936,-0.5333735756561958,2.660118345925863,-0.20524344361051802,-1.2963261916369306,1,0,0,0,1,0,0,0,0,0,0,0,0,0,0,0,0,0,0,0,1,1,1
1.1519094119117812,-1.45936936672598,1.4497622480333794,-0.20524344361051802,1.3287947932926385,0,1,0,1,0,0,0,0,0,1,0,0,0,0,0,1,0,0,0,0,1,1,1
0.5990813466845626,1.5501169542508186,-0.25789636297480556,-0.20524344361051802,0.4307270879219964,1,0,0,1,0,0,0,0,0,0,0,0,0,0,1,0,0,0,0,0,1,0,1
-0.015172059123458105,-0.3018746278887497,-0.25789636297480556,-0.20524344361051802,0.8106788094249604,1,0,0,0,0,0,0,0,0,0,0,0,1,0,0,0,0,0,0,0,1,0,0
0.7833573684269688,0.6241211631810345,-0.25789636297480556,-0.20524344361051802,0.9488430717896745,1,0,0,0,1,0,0,1,0,0,0,0,0,1,0,0,0,0,0,0,1,1,0
1.5818867959773957,0.8556201109484806,1.663845141305327,-0.20524344361051802,-0.32917635508393156,0,1,0,0,0,0,0,0,1,0,0,0,0,0,0,0,0,0,0,0,1,0,0
-0.19944808086586432,1.3186180064833726,-0.25789636297480556,-0.20524344361051802,0.15439856319256803,1,0,0,1,0,0,0,1,0,0,0,0,0,0,1,0,0,0,0,0,1,1,1
0.3533799843613543,1.3186180064833726,-0.25789636297480556,-0.20524344361051802,1.0870073341543887,1,0,0,0,1,0,0,0,0,0,0,1,0,0,0,0,1,0,0,0,1,1,0
1.2747600930733853,-0.7648725234236419,-0.25789636297480556,-0.20524344361051802,-1.4690315195928234,0,0,0,0,1,0,0,0,0,1,0,0,0,1,0,0,0,0,0,0,1,0,0
-0.26087342144666636,-0.5333735756561958,-0.25789636297480556,-0.20524344361051802,-1.123620863681038,1,0,0,1,0,0,0,0,0,1,0,0,0,0,0,1,0,0,0,0,1,1,0
-0.3222987620274685,0.39262221541358844,-0.25789636297480556,-0.20524344361051802,0.016234300827853876,1,0,0,0,1,0,0,0,0,1,0,0,0,0,0,0,1,0,0,0,1,1,0
-0.9979775084162913,-0.07037568012130366,-0.25789636297480556,5.192408082129619,-0.8818334045427882,1,0,0,0,1,0,0,0,0,0,1,0,0,0,1,0,0,0,0,0,1,0,0
-1.3665295519011036,1.3186180064833726,-0.25789636297480556,-0.20524344361051802,-1.6417368475487162,0,0,0,1,0,0,0,0,0,0,0,0,0,0,1,0,0,0,0,0,1,1,0
1.7047374771389998,-0.07037568012130366,-0.25789636297480556,-0.20524344361051802,1.4669590556573526,1,0,0,1,0,0,0,1,0,0,0,0,0,0,0,1,0,0,0,0,1,0,0
0.4148053249421564,-1.2278704189585339,-0.25789636297480556,-0.20524344361051802,1.1560894653367457,0,0,0,0,0,0,0,0,0,1,0,0,0,0,0,0,0,0,0,0,1,0,0
0.967633390169375,0.8556201109484806,-0.25789636297480556,-0.20524344361051802,-0.5709638142221813,1,0,0,0,0,0,0,0,0,0,0,1,0,0,0,1,0,0,0,0,1,1,1
-0.5680001243506767,0.8556201109484806,-0.25789636297480556,-0.20524344361051802,-0.9854566013163238,0,0,0,1,0,0,0,0,0,1,0,0,1,0,0,0,0,0,0,0,1,1,0
-1.7350815953859162,1.3186180064833726,-0.25789636297480556,-0.20524344361051802,0.8452198750161389,0,1,0,1,0,0,0,0,1,0,0,0,0,0,0,0,1,0,0,0,1,1,0
-1.3051042113203015,-0.3018746278887497,-0.25789636297480556,-0.20524344361051802,0.1198574976013895,0,0,1,1,0,0,0,0,0,0,0,0,0,0,0,0,0,0,0,0,1,0,0
1.029058730750177,-1.690868314493426,-0.25789636297480556,-0.20524344361051802,-0.1219299615368603,1,0,0,0,1,0,0,0,0,0,0,0,0,1,0,0,0,0,0,0,1,1,0
-0.8137014866738851,-1.690868314493426,-0.25789636297480556,-0.20524344361051802,-0.15647102712803884,0,1,0,1,0,0,0,1,0,0,0,0,1,0,0,0,0,0,0,0,1,1,1
-0.9365521678354892,-0.3018746278887497,-0.25789636297480556,-0.20524344361051802,-1.3999493884104663,1,0,0,0,0,0,1,0,0,0,1,0,0,0,0,0,0,0,1,0,0,1,0
-1.0594028489970932,1.5501169542508186,-0.25789636297480556,-0.20524344361051802,-1.503572585184002,1,0,0,1,0,0,0,1,0,0,0,0,0,0,0,0,1,0,0,0,1,1,1
1.3361854336541874,1.5501169542508186,-0.25789636297480556,-0.20524344361051802,0.050775366419032415,1,0,0,1,0,0,0,0,0,1,0,0,0,0,1,0,0,0,0,0,1,1,0
-0.38372410260827056,0.39262221541358844,-0.25789636297480556,-0.20524344361051802,-0.5018816830398243,0,0,0,0,1,0,0,0,1,0,0,0,0,1,0,0,0,0,0,0,1,1,1
-0.8751268272546872,0.1611232676461424,-0.25789636297480556,-0.20524344361051802,1.1215483997455673,0,0,1,0,0,0,0,0,0,0,0,1,0,0,0,1,0,0,0,0,1,1,1
-0.07659739970426017,-0.3018746278887497,-0.25789636297480556,-0.20524344361051802,0.1198574976013895,0,1,0,0,1,0,0,1,0,0,0,0,0,0,0,0,1,0,0,0,1,1,0
0.29195464378055225,0.39262221541358844,-0.25789636297480556,-0.20524344361051802,-1.054538732498681,1,0,0,1,0,0,0,0,0,0,1,0,1,0,0,0,0,0,0,0,1,1,0
-1.6736562548051142,-0.7648725234236419,-0.25789636297480556,-0.20524344361051802,0.6725145470602462,1,0,0,0,0,0,1,1,0,0,0,0,1,0,0,0,0,0,1,0,0,1,0
0.1691039626189481,-0.07037568012130366,-0.25789636297480556,-0.20524344361051802,-0.8472923389516097,0,1,0,1,0,0,0,0,0,0,0,0,0,0,1,0,0,0,0,0,1,1,0
-0.38372410260827056,-1.45936936672598,-0.25789636297480556,-0.20524344361051802,-1.3308672572281093,1,0,0,0,0,0,0,0,0,1,0,0,0,0,1,0,0,0,0,0,1,0,0
-0.4451494431890726,0.1611232676461424,-0.25789636297480556,-0.20524344361051802,0.8452198750161389,1,0,0,1,0,0,0,0,0,1,0,0,0,1,0,0,0,0,1,0,0,1,0
1.3361854336541874,-0.5333735756561958,-0.25789636297480556,-0.20524344361051802,-1.123620863681038,1,0,0,0,0,0,0,0,0,1,0,0,0,0,0,1,0,0,1,0,0,1,1
-0.26087342144666636,1.0871190587159265,-0.25789636297480556,-0.20524344361051802,-0.46734061744864575,1,0,0,0,1,0,0,0,0,1,0,0,0,1,0,0,0,0,0,0,1,1,0
-0.4451494431890726,0.1611232676461424,-0.25789636297480556,6.505111271935971,1.3978769244749956,1,0,0,1,0,0,0,0,0,1,0,0,0,0,1,0,0,0,1,0,0,1,1
-0.4451494431890726,-1.45936936672598,-0.25789636297480556,-0.20524344361051802,1.5705822524308883,1,0,0,0,0,0,0,0,0,1,0,0,0,0,1,0,0,0,0,0,1,1,0
1.2133347524925833,-1.2278704189585339,-0.25789636297480556,-0.20524344361051802,1.6051233180220668,1,0,0,1,0,0,0,0,0,0,0,1,1,0,0,0,0,0,1,0,0,1,0
1.3976107742349895,0.8556201109484806,-0.25789636297480556,-0.20524344361051802,-0.9854566013163238,1,0,0,1,0,0,0,0,0,0,1,0,0,0,1,0,0,0,0,0,1,1,1
0.7833573684269688,-0.07037568012130366,-0.25789636297480556,-0.20524344361051802,-1.0890797980898594,0,0,1,0,1,0,0,0,0,1,0,0,0,0,0,0,0,0,0,0,1,0,0
-1.4279548924819057,-1.690868314493426,-0.25789636297480556,-0.20524344361051802,0.3616449567396393,1,0,0,1,0,0,0,0,0,0,1,0,0,0,0,0,1,0,0,0,1,0,0
-0.8751268272546872,1.5501169542508186,-0.25789636297480556,-0.20524344361051802,-1.0890797980898594,1,0,0,0,1,0,0,0,1,0,0,0,0,0,1,0,0,0,0,0,1,0,0
1.5204614553965936,0.39262221541358844,-0.25789636297480556,-0.20524344361051802,-1.6762779131398946,1,0,0,1,0,0,0,0,0,1,0,0,0,1,0,0,0,0,0,0,1,0,1
0.8447827090077709,1.5501169542508186,-0.25789636297480556,7.304763349823399,-1.2272440604545736,1,0,0,1,0,0,0,1,0,0,0,0,0,0,0,1,0,0,0,0,1,1,0
0.47623066552295845,1.5501169542508186,-0.25789636297480556,-0.20524344361051802,-1.434490454001645,0,0,0,1,0,0,0,0,0,1,0,0,0,0,0,1,0,0,0,0,1,1,0
0.23052930319975018,1.5501169542508186,-0.25789636297480556,-0.20524344361051802,0.5688913502867106,0,1,0,1,0,0,0,0,0,0,0,0,0,0,0,1,0,0,0,0,1,1,0
-1.3051042113203015,-0.3018746278887497,-0.25789636297480556,-0.20524344361051802,0.050775366419032415,1,0,0,1,0,0,0,0,0,0,0,1,0,0,0,0,0,0,0,0,1,1,0
1.4590361148157915,-0.3018746278887497,-0.25789636297480556,-0.20524344361051802,1.0179252029720316,1,0,0,0,1,0,0,1,0,0,0,0,0,1,0,0,0,0,0,0,1,1,0
0.9062080495885729,1.0871190587159265,-0.25789636297480556,-0.20524344361051802,0.3616449567396393,0,0,0,0,0,0,0,1,0,0,0,0,0,0,0,0,0,0,0,0,1,0,0
0.9062080495885729,-1.690868314493426,-0.25789636297480556,-0.20524344361051802,-0.5364227486310028,0,0,0,0,0,0,0,0,0,0,0,0,0,0,1,0,0,0,0,0,1,1,0
-1.4893802330627077,0.1611232676461424,-0.25789636297480556,1.8964969734918362,-0.46734061744864575,1,0,0,1,0,0,0,0,0,1,0,0,0,0,0,0,1,0,1,0,0,1,1
0.5990813466845626,-0.07037568012130366,-0.25789636297480556,-0.20524344361051802,0.4307270879219964,1,0,0,1,0,0,0,0,0,0,0,1,0,0,0,1,0,0,0,0,1,1,1
-1.5508055736435098,-0.9963714711910879,-0.25789636297480556,7.272918798049121,-1.6762779131398946,1,0,0,1,0,0,0,1,0,0,0,0,0,1,0,0,0,0,0,0,1,1,0
-1.4279548924819057,0.39262221541358844,-0.25789636297480556,-0.20524344361051802,1.2251715965191028,0,0,1,1,0,0,0,0,0,0,0,1,0,0,0,1,0,0,0,0,1,0,0
0.967633390169375,0.6241211631810345,-0.25789636297480556,-0.20524344361051802,-0.26009422390157444,1,0,0,0,1,0,0,1,0,0,0,0,0,0,0,0,0,0,0,0,1,0,0
0.1691039626189481,-0.7648725234236419,-0.25789636297480556,-0.20524344361051802,-1.6762779131398946,0,0,0,1,0,0,0,0,0,1,0,0,1,0,0,0,0,0,0,0,1,1,0
1.3976107742349895,-1.45936936672598,3.2056744635568286,-0.20524344361051802,1.6051233180220668,1,0,0,1,0,0,0,0,1,0,0,0,0,0,1,0,0,0,0,0,1,0,0
0.04625328145734397,1.0871190587159265,-0.25789636297480556,-0.20524344361051802,1.1906305309279244,1,0,0,0,0,1,0,1,0,0,0,0,0,0,0,0,1,0,0,0,1,1,0
1.0904840713309791,0.1611232676461424,-0.25789636297480556,-0.20524344361051802,0.15439856319256803,1,0,0,0,1,0,0,0,1,0,0,0,0,0,1,0,0,0,0,0,1,0,0
0.3533799843613543,1.5501169542508186,-0.25789636297480556,-0.20524344361051802,-0.08738889594568175,1,0,0,1,0,0,0,1,0,0,0,0,1,0,0,0,0,0,0,0,1,1,1
1.5818867959773957,0.8556201109484806,-0.25789636297480556,-0.20524344361051802,-0.3637174206751101,1,0,0,1,0,0,0,0,0,0,1,0,0,0,0,0,1,0,0,0,1,1,0
0.6605066872653647,0.8556201109484806,-0.25789636297480556,-0.20524344361051802,-0.6745870109957169,1,0,0,1,0,0,0,0,0,1,0,0,1,0,0,0,0,0,1,0,0,1,1
1.3976107742349895,-0.5333735756561958,-0.25789636297480556,1.5072857851395483,-1.4690315195928234,1,0,0,0,0,0,0,0,0,0,0,0,0,0,1,0,0,0,0,0,1,0,0
-0.8137014866738851,-1.2278704189585339,-0.25789636297480556,-0.20524344361051802,-0.9509155357251453,0,1,0,1,0,0,0,0,1,0,0,0,0,0,0,0,0,0,0,0,1,0,0
-0.9979775084162913,0.8556201109484806,-0.25789636297480556,-0.20524344361051802,0.016234300827853876,1,0,0,1,0,0,0,0,0,0,0,0,0,0,1,0,0,0,0,0,1,1,0
1.2747600930733853,-0.3018746278887497,-0.25789636297480556,-0.20524344361051802,-0.15647102712803884,1,0,0,1,0,0,0,0,0,1,0,0,0,0,1,0,0,0,0,0,1,1,1
0.7833573684269688,0.1611232676461424,-0.25789636297480556,-0.20524344361051802,0.8452198750161389,0,0,0,0,1,0,0,0,0,0,0,0,0,0,1,0,0,0,0,0,1,0,0
0.04625328145734397,-1.2278704189585339,-0.25789636297480556,-0.20524344361051802,0.7761377438337818,0,0,0,1,0,0,0,0,0,1,0,0,0,1,0,0,0,0,0,0,1,1,0
-0.6294254649314788,-1.45936936672598,-0.25789636297480556,-0.20524344361051802,1.4324179900661742,0,0,0,0,0,0,0,0,0,0,0,0,1,0,0,0,0,0,1,0,0,1,0
-0.752276146093083,-0.3018746278887497,-0.25789636297480556,-0.20524344361051802,-1.365408322819288,0,0,1,0,0,0,0,0,1,0,0,0,1,0,0,0,0,0,0,0,1,1,0
1.6433121365581977,-0.3018746278887497,-0.25789636297480556,-0.20524344361051802,-1.2272440604545736,1,0,0,0,0,0,0,0,0,0,1,0,0,0,0,1,0,0,0,0,1,1,0
-0.6294254649314788,-0.9963714711910879,-0.25789636297480556,-0.20524344361051802,-0.1219299615368603,1,0,0,1,0,0,0,0,0,0,0,0,1,0,0,0,0,0,0,0,1,0,0
-0.07659739970426017,0.6241211631810345,-0.25789636297480556,-0.20524344361051802,0.8797609406073175,0,1,0,0,0,0,0,0,1,0,0,0,0,0,0,1,0,0,0,0,1,0,0
1.5818867959773957,0.1611232676461424,-0.25789636297480556,-0.20524344361051802,-1.503572585184002,1,0,0,0,1,0,0,1,0,0,0,0,0,1,0,0,0,0,0,0,1,1,0
-0.19944808086586432,1.3186180064833726,-0.25789636297480556,-0.20524344361051802,-0.9854566013163238,1,0,0,1,0,0,0,0,0,1,0,0,0,0,0,0,0,0,0,0,1,1,0
0.47623066552295845,-0.07037568012130366,-0.25789636297480556,-0.20524344361051802,0.4307270879219964,0,1,0,0,1,0,0,0,0,0,0,1,0,0,0,1,0,0,0,0,1,0,0
-0.19944808086586432,1.0871190587159265,-0.25789636297480556,-0.20524344361051802,1.6396643836132454,1,0,0,1,0,0,0,0,0,0,0,1,0,0,1,0,0,0,0,0,1,1,0
1.4590361148157915,1.0871190587159265,-0.25789636297480556,-0.20524344361051802,-1.054538732498681,1,0,0,1,0,0,0,0,0,1,0,0,0,0,0,0,0,0,0,0,1,0,0
-0.38372410260827056,-1.690868314493426,-0.25789636297480556,-0.20524344361051802,1.3287947932926385,1,0,0,0,1,0,0,0,0,0,1,0,0,1,0,0,0,0,0,0,1,1,0
-1.2436788707394995,-1.690868314493426,-0.25789636297480556,-0.20524344361051802,1.1215483997455673,1,0,0,1,0,0,0,0,0,0,0,0,1,0,0,0,0,0,0,0,1,1,0
-1.0594028489970932,-0.7648725234236419,-0.25789636297480556,-0.20524344361051802,0.4307270879219964,1,0,0,0,1,0,0,0,0,0,1,0,0,0,0,1,0,0,0,0,1,0,1
1.4590361148157915,-0.5333735756561958,-0.25789636297480556,-0.20524344361051802,1.1560894653367457,1,0,0,1,0,0,0,0,0,0,0,1,0,0,1,0,0,0,0,0,1,0,0
-1.7350815953859162,-1.2278704189585339,5.334887931937164,-0.20524344361051802,0.1198574976013895,0,0,0,0,0,0,0,0,1,0,0,0,0,0,0,0,1,0,0,0,1,1,0
-1.7350815953859162,1.0871190587159265,-0.25789636297480556,-0.20524344361051802,-0.8818334045427882,1,0,0,0,0,1,0,0,0,1,0,0,0,0,0,0,1,0,0,0,1,0,0
1.0904840713309791,0.1611232676461424,-0.25789636297480556,-0.20524344361051802,0.22348069437492513,1,0,0,0,0,0,0,0,0,1,0,0,0,0,0,0,0,0,0,0,1,1,0
0.29195464378055225,0.8556201109484806,-0.25789636297480556,-0.20524344361051802,0.4307270879219964,0,0,0,1,0,0,0,0,0,0,1,0,1,0,0,0,0,0,0,0,1,1,0
0.1691039626189481,0.39262221541358844,-0.1424831322007801,-0.20524344361051802,-0.5364227486310028,0,0,0,1,0,0,0,0,1,0,0,0,0,0,0,0,1,0,0,0,1,0,0
1.5204614553965936,1.3186180064833726,-0.25789636297480556,-0.20524344361051802,-0.9509155357251453,0,0,0,0,1,0,0,0,0,0,1,0,0,0,0,0,0,0,0,0,1,0,1
1.1519094119117812,1.5501169542508186,-0.25789636297480556,-0.20524344361051802,0.6379734814690676,0,1,0,1,0,0,0,0,0,0,0,0,0,1,0,0,0,0,0,0,1,1,1
-0.26087342144666636,-0.5333735756561958,-0.25789636297480556,-0.20524344361051802,0.25802175996610366,1,0,0,1,0,0,0,1,0,0,0,0,0,0,0,0,0,0,0,0,1,1,1
0.6605066872653647,-0.9963714711910879,-0.25789636297480556,-0.20524344361051802,-1.365408322819288,1,0,0,0,1,0,0,0,1,0,0,0,0,0,0,0,0,0,0,0,1,1,0
0.967633390169375,0.8556201109484806,-0.25789636297480556,-0.20524344361051802,0.5688913502867106,1,0,0,0,1,0,0,1,0,0,0,0,0,0,0,0,0,0,0,0,1,1,1
1.4590361148157915,-0.3018746278887497,-0.25789636297480556,-0.20524344361051802,-1.434490454001645,1,0,0,0,0,0,1,0,0,0,0,0,0,0,1,0,0,0,1,0,0,1,0
-1.7350815953859162,-0.07037568012130366,-0.25789636297480556,-0.20524344361051802,1.6396643836132454,1,0,0,1,0,0,0,1,0,0,0,0,0,0,0,0,0,0,0,0,1,0,0
-0.8137014866738851,0.1611232676461424,-0.25789636297480556,-0.20524344361051802,-0.3982584862662886,1,0,0,1,0,0,0,0,0,0,0,1,0,0,0,1,0,0,0,0,1,1,0
0.5990813466845626,1.0871190587159265,-0.25789636297480556,-0.20524344361051802,0.4307270879219964,0,1,0,1,0,0,0,1,0,0,0,0,0,0,0,0,0,0,1,0,0,0,0
-1.4893802330627077,0.6241211631810345,-0.25789636297480556,-0.20524344361051802,-0.743669142178074,1,0,0,0,0,0,0,0,0,0,0,0,0,0,1,0,0,0,0,0,1,1,0
-0.4451494431890726,-0.5333735756561958,-0.25789636297480556,-0.20524344361051802,-1.365408322819288,1,0,0,0,1,0,0,1,0,0,0,0,0,0,1,0,0,0,0,0,1,1,0
-0.015172059123458105,1.5501169542508186,-0.25789636297480556,-0.20524344361051802,-0.15647102712803884,1,0,0,0,0,0,0,0,0,1,0,0,0,1,0,0,0,0,0,0,1,1,0
1.5818867959773957,-0.5333735756561958,-0.25789636297480556,-0.20524344361051802,0.534350284695532,1,0,0,0,0,0,0,0,0,0,1,0,1,0,0,0,0,0,0,0,1,1,1
-1.6122309142243119,-0.07037568012130366,-0.25789636297480556,-0.20524344361051802,1.6742054492044238,1,0,0,0,1,0,0,0,0,0,0,1,0,0,0,0,1,0,1,0,0,1,0
-1.0594028489970932,0.8556201109484806,-0.25789636297480556,-0.20524344361051802,0.6034324158778891,0,0,0,1,0,0,0,0,0,1,0,0,0,0,0,0,1,0,0,0,1,0,0
-0.19944808086586432,-0.7648725234236419,-0.25789636297480556,3.2268915809505656,-1.3999493884104663,1,0,0,1,0,0,0,0,0,1,0,0,0,0,0,0,0,0,0,0,1,1,0
-0.8137014866738851,1.3186180064833726,-0.25789636297480556,-0.20524344361051802,-1.5381136507751805,1,0,0,0,1,0,0,0,0,0,0,0,0,1,0,0,0,0,0,0,1,0,1
1.3361854336541874,-1.2278704189585339,-0.25789636297480556,-0.20524344361051802,-1.365408322819288,1,0,0,1,0,0,0,0,0,0,1,0,0,0,0,0,0,0,0,0,1,1,0
0.47623066552295845,0.8556201109484806,-0.25789636297480556,-0.20524344361051802,-1.2963261916369306,0,0,0,1,0,0,0,0,0,0,1,0,0,0,0,0,1,0,0,0,1,0,0
-0.4451494431890726,-1.2278704189585339,-0.25789636297480556,-0.20524344361051802,1.1215483997455673,1,0,0,0,0,1,0,0,1,0,0,0,0,0,1,0,0,0,0,0,1,1,1
1.7047374771389998,1.0871190587159265,-0.25789636297480556,-0.20524344361051802,0.2925628255572822,1,0,0,0,0,0,1,0,0,0,0,1,1,0,0,0,0,0,0,0,1,0,0
-0.015172059123458105,-0.5333735756561958,-0.25789636297480556,-0.20524344361051802,-0.9854566013163238,1,0,0,0,0,0,0,0,0,0,0,0,0,1,0,0,0,0,0,0,1,1,0
-0.9365521678354892,-1.45936936672598,-0.25789636297480556,-0.20524344361051802,-0.9854566013163238,1,0,0,0,1,0,0,0,0,0,0,1,0,0,1,0,0,0,0,0,1,0,1
-0.07659739970426017,-0.5333735756561958,-0.25789636297480556,-0.20524344361051802,0.534350284695532,0,0,0,0,1,0,0,0,1,0,0,0,1,0,0,0,0,0,0,0,1,0,0
-1.4893802330627077,1.0871190587159265,-0.25789636297480556,-0.20524344361051802,-1.6071957819575375,0,1,0,1,0,0,0,1,0,0,0,0,0,1,0,0,0,0,0,0,1,1,1
1.0904840713309791,-0.5333735756561958,-0.25789636297480556,-0.20524344361051802,0.6725145470602462,1,0,0,1,0,0,0,0,0,1,0,0,0,1,0,0,0,0,0,0,1,1,0
1.2133347524925833,-0.07037568012130366,-0.25789636297480556,-0.20524344361051802,1.3633358588838171,0,0,0,0,1,0,0,0,0,0,0,1,0,0,0,0,1,0,0,0,1,1,1
0.04625328145734397,-0.3018746278887497,-0.25789636297480556,0.3838807642136267,0.4998092191043535,0,0,0,0,1,0,0,0,0,1,0,0,0,0,1,0,0,1,0,0,0,0,1
1.029058730750177,-0.07037568012130366,-0.25789636297480556,-0.20524344361051802,-0.018306764763324667,0,1,0,1,0,0,0,0,0,0,0,0,0,1,0,0,0,0,0,0,1,1,0
1.3976107742349895,1.3186180064833726,-0.25789636297480556,-0.20524344361051802,0.7761377438337818,0,0,0,0,0,1,0,1,0,0,0,0,0,0,0,1,0,0,0,0,1,1,0
-1.4893802330627077,0.1611232676461424,-0.25789636297480556,-0.20524344361051802,-1.123620863681038,1,0,0,1,0,0,0,0,0,0,0,0,0,1,0,0,0,0,0,0,1,1,1
-1.0594028489970932,-0.5333735756561958,-0.25789636297480556,-0.20524344361051802,0.8106788094249604,1,0,0,1,0,0,0,1,0,0,0,0,1,0,0,0,0,0,1,0,0,1,0
-0.8137014866738851,1.3186180064833726,-0.25789636297480556,-0.20524344361051802,-0.6055048798133599,1,0,0,0,1,0,0,1,0,0,0,0,0,0,0,0,1,0,0,0,1,0,0
-0.19944808086586432,-1.2278704189585339,-0.25789636297480556,-0.20524344361051802,0.7070556126514247,0,1,0,1,0,0,0,0,0,1,0,0,0,0,0,0,0,0,0,0,1,1,0
-0.19944808086586432,0.39262221541358844,0.5154587813498608,-0.20524344361051802,-0.9854566013163238,1,0,0,1,0,0,0,0,0,0,0,0,0,0,0,0,1,0,0,0,1,1,1
1.1519094119117812,-1.2278704189585339,-0.25789636297480556,-0.20524344361051802,-1.4690315195928234,0,0,0,1,0,0,0,0,0,0,0,0,0,0,0,0,0,1,0,0,0,0,1
-0.5065747837698746,0.6241211631810345,-0.25789636297480556,-0.20524344361051802,-1.4690315195928234,0,0,0,0,1,0,0,0,0,0,0,1,0,0,1,0,0,0,0,0,1,1,0
0.5990813466845626,0.8556201109484806,-0.25789636297480556,-0.20524344361051802,-0.7782102077692526,1,0,0,1,0,0,0,0,0,0,0,0,0,0,1,0,0,0,0,0,1,1,0
0.4148053249421564,-1.690868314493426,-0.25789636297480556,-0.20524344361051802,-1.434490454001645,0,0,0,0,1,0,0,0,0,0,0,1,0,1,0,0,0,0,1,0,0,1,1
0.23052930319975018,0.6241211631810345,-0.25789636297480556,-0.20524344361051802,0.8106788094249604,1,0,0,0,1,0,0,0,0,0,1,0,0,0,0,1,0,0,0,0,1,1,1
0.04625328145734397,1.5501169542508186,-0.25789636297480556,4.88811569850874,-0.743669142178074,1,0,0,1,0,0,0,0,0,0,1,0,0,0,1,0,0,0,0,0,1,1,0
0.47623066552295845,1.0871190587159265,-0.25789636297480556,-0.20524344361051802,1.0179252029720316,0,1,0,0,0,0,1,0,0,0,1,0,0,1,0,0,0,0,0,0,1,0,1
-0.38372410260827056,1.5501169542508186,-0.25789636297480556,-0.20524344361051802,0.5688913502867106,1,0,0,1,0,0,0,0,1,0,0,0,0,0,0,0,1,0,1,0,0,1,0
-1.1822535301586974,-0.7648725234236419,-0.25789636297480556,-0.20524344361051802,0.7415966782426032,0,1,0,0,0,0,1,0,0,0,0,0,0,0,1,0,0,0,0,0,1,1,0
1.5204614553965936,1.3186180064833726,-0.25789636297480556,-0.20524344361051802,-0.08738889594568175,0,0,0,0,1,0,0,0,1,0,0,0,0,0,0,0,1,0,0,1,0,1,1
-1.4893802330627077,-0.9963714711910879,-0.25789636297480556,-0.20524344361051802,1.1215483997455673,1,0,0,0,0,0,1,0,0,0,0,0,0,0,0,0,1,0,0,0,1,1,0
0.4148053249421564,0.1611232676461424,-0.25789636297480556,-0.20524344361051802,1.2597126621102814,1,0,0,1,0,0,0,0,0,0,0,1,0,0,0,1,0,0,0,0,1,0,0
0.29195464378055225,1.5501169542508186,-0.25789636297480556,-0.20524344361051802,-1.365408322819288,1,0,0,0,1,0,0,0,1,0,0,0,0,0,1,0,0,0,0,1,0,1,0
1.3976107742349895,0.1611232676461424,-0.25789636297480556,-0.20524344361051802,-0.5709638142221813,1,0,0,1,0,0,0,0,1,0,0,0,0,0,0,0,1,0,0,0,1,1,1
0.10767862203814604,1.5501169542508186,-0.25789636297480556,-0.20524344361051802,-1.4690315195928234,0,0,1,1,0,0,0,0,1,0,0,0,0,0,0,1,0,0,0,0,1,1,1
-1.1822535301586974,1.3186180064833726,-0.25789636297480556,-0.20524344361051802,-1.6071957819575375,1,0,0,0,1,0,0,1,0,0,0,0,0,0,0,1,0,0,0,0,1,0,0
-0.6294254649314788,-0.7648725234236419,-0.25789636297480556,-0.20524344361051802,-1.2272440604545736,1,0,0,1,0,0,0,0,0,0,0,1,0,0,1,0,0,0,0,0,1,1,0
0.1691039626189481,0.39262221541358844,-0.25789636297480556,-0.20524344361051802,-0.19101209271921737,1,0,0,0,1,0,0,0,0,0,1,0,0,0,0,1,0,0,0,0,1,1,0
-1.7350815953859162,-0.9963714711910879,-0.12110573506597667,-0.20524344361051802,-0.1219299615368603,1,0,0,1,0,0,0,0,0,0,0,1,0,0,1,0,0,0,0,0,1,1,1
1.6433121365581977,-0.3018746278887497,-0.25789636297480556,-0.20524344361051802,0.39618602233081784,0,1,0,1,0,0,0,1,0,0,0,0,0,0,1,0,0,0,0,0,1,0,0
-1.4893802330627077,1.5501169542508186,-0.25789636297480556,-0.20524344361051802,-0.46734061744864575,1,0,0,0,0,0,0,0,0,0,0,0,0,0,0,0,0,0,0,0,1,1,0
0.967633390169375,-0.5333735756561958,-0.25789636297480556,-0.20524344361051802,-1.2617851260457522,0,1,0,1,0,0,0,0,0,0,0,1,0,0,0,0,1,0,0,0,1,0,0
-1.5508055736435098,-0.9963714711910879,-0.25789636297480556,2.8040666990587617,-1.1581619292722165,1,0,0,0,1,0,0,0,1,0,0,0,1,0,0,0,0,0,0,1,0,0,0
-0.8137014866738851,1.0871190587159265,-0.25789636297480556,-0.20524344361051802,1.0524662685632102,0,0,0,0,1,0,0,0,0,0,1,0,0,0,1,0,0,0,0,0,1,1,0
-0.3222987620274685,1.0871190587159265,-0.25789636297480556,-0.20524344361051802,-1.5381136507751805,1,0,0,0,0,0,0,0,0,0,1,0,0,0,0,0,1,0,0,0,1,1,0
-0.8137014866738851,1.5501169542508186,-0.25789636297480556,-0.20524344361051802,1.3633358588838171,1,0,0,1,0,0,0,0,0,0,0,0,0,0,0,1,0,0,0,0,1,1,1
1.5818867959773957,0.39262221541358844,-0.25789636297480556,-0.20524344361051802,-0.3982584862662886,0,0,0,0,1,0,0,0,0,0,0,1,0,1,0,0,0,0,0,0,1,1,0
-1.6736562548051142,-1.45936936672598,-0.25789636297480556,-0.20524344361051802,0.016234300827853876,1,0,0,0,0,0,1,1,0,0,0,0,0,0,1,0,0,0,0,0,1,0,0
1.2133347524925833,-1.690868314493426,-0.25789636297480556,-0.20524344361051802,-0.3982584862662886,0,0,0,0,1,0,0,0,0,0,0,0,0,0,0,1,0,0,0,0,1,1,0
-0.07659739970426017,-0.9963714711910879,-0.25789636297480556,-0.20524344361051802,0.22348069437492513,1,0,0,0,1,0,0,0,0,0,0,1,0,0,0,1,0,0,1,0,0,1,0
0.1691039626189481,-0.9963714711910879,-0.25789636297480556,-0.20524344361051802,0.4652681535131749,1,0,0,0,1,0,0,0,0,1,0,0,0,0,0,1,0,0,0,0,0,1,0
-0.13802274028506226,1.0871190587159265,-0.25789636297480556,-0.20524344361051802,-0.05284783035450321,1,0,0,0,1,0,0,0,0,0,1,0,0,0,0,1,0,0,0,0,1,1,0
-0.5680001243506767,-1.690868314493426,-0.25789636297480556,-0.20524344361051802,1.3978769244749956,0,1,0,0,1,0,0,1,0,0,0,0,0,0,0,1,0,0,1,0,0,1,0
-0.3222987620274685,-0.5333735756561958,-0.25789636297480556,-0.20524344361051802,0.3271038911484608,1,0,0,1,0,0,0,0,1,0,0,0,0,0,1,0,0,0,0,0,1,0,1
-1.0594028489970932,-0.9963714711910879,-0.25789636297480556,-0.20524344361051802,0.9488430717896745,1,0,0,1,0,0,0,1,0,0,0,0,1,0,0,0,0,0,0,0,1,1,0
1.2747600930733853,-1.690868314493426,-0.25789636297480556,-0.20524344361051802,-0.19101209271921737,1,0,0,0,0,0,0,0,1,0,0,0,0,0,0,0,0,0,1,0,0,0,0
0.3533799843613543,-1.690868314493426,-0.25789636297480556,-0.20524344361051802,1.3978769244749956,1,0,0,1,0,0,0,1,0,0,0,0,0,0,0,1,0,0,0,0,1,1,0
0.23052930319975018,1.5501169542508186,-0.25789636297480556,-0.20524344361051802,0.1889396287837466,1,0,0,0,1,0,0,0,0,0,1,0,0,0,0,1,0,0,0,0,1,1,0
0.23052930319975018,1.0871190587159265,1.7919241709597995,-0.20524344361051802,0.1889396287837466,0,0,0,1,0,0,0,0,1,0,0,0,0,0,0,0,0,0,0,0,1,1,0
1.3361854336541874,-1.690868314493426,-0.25789636297480556,-0.20524344361051802,-1.6762779131398946,0,0,1,0,1,0,0,0,0,0,0,1,0,0,1,0,0,0,0,0,1,1,1
0.8447827090077709,-0.07037568012130366,3.889442249946625,-0.20524344361051802,-1.434490454001645,0,0,0,1,0,0,0,0,1,0,0,0,0,0,0,0,1,0,0,0,1,1,0
0.47623066552295845,0.39262221541358844,-0.25789636297480556,-0.20524344361051802,-1.5726547163663591,0,1,0,1,0,0,0,0,0,0,0,0,0,1,0,0,0,0,0,0,1,0,0
-1.0594028489970932,-0.07037568012130366,-0.25789636297480556,-0.20524344361051802,1.2251715965191028,1,0,0,0,0,1,0,0,0,0,0,1,0,1,0,0,0,0,0,0,0,0,1
-1.6122309142243119,-1.45936936672598,-0.25789636297480556,-0.20524344361051802,1.2597126621102814,0,1,0,0,0,0,0,0,0,0,0,0,0,0,0,0,1,0,0,0,1,1,0
-1.7350815953859162,0.6241211631810345,-0.25789636297480556,-0.20524344361051802,0.1198574976013895,1,0,0,0,1,0,0,1,0,0,0,0,0,0,1,0,0,0,0,0,1,1,1
0.23052930319975018,1.0871190587159265,-0.25789636297480556,-0.20524344361051802,0.2925628255572822,1,0,0,1,0,0,0,0,0,0,0,1,0,1,0,0,0,0,0,0,1,1,0
0.6605066872653647,-0.3018746278887497,-0.25789636297480556,-0.20524344361051802,-0.43279955185746716,1,0,0,0,1,0,0,1,0,0,0,0,0,0,0,0,0,0,0,0,1,0,0
-1.1822535301586974,1.3186180064833726,-0.25789636297480556,-0.20524344361051802,-0.018306764763324667,1,0,0,0,1,0,0,0,0,1,0,0,0,0,0,0,1,0,0,0,1,1,0
0.8447827090077709,-0.07037568012130366,-0.25789636297480556,-0.20524344361051802,0.6034324158778891,0,1,0,0,1,0,0,1,0,0,0,0,1,0,0,0,0,0,0,0,1,0,1
0.9062080495885729,-0.07037568012130366,-0.25789636297480556,-0.20524344361051802,-1.054538732498681,1,0,0,1,0,0,0,1,0,0,0,0,0,0,1,0,0,0,1,0,0,1,0
-0.015172059123458105,0.6241211631810345,-0.25789636297480556,-0.20524344361051802,-1.6762779131398946,1,0,0,0,1,0,0,0,0,0,0,0,0,0,0,0,1,0,1,0,0,1,0
-0.9979775084162913,0.39262221541358844,-0.25789636297480556,-0.20524344361051802,-0.7091280765868955,1,0,0,0,1,0,0,0,1,0,0,0,0,1,0,0,0,0,0,0,1,0,0
-1.0594028489970932,1.5501169542508186,-0.25789636297480556,-0.20524344361051802,1.2942537277014599,0,0,1,0,0,0,1,0,0,1,0,0,0,0,1,0,0,0,1,0,0,1,0
0.10767862203814604,0.6241211631810345,-0.25789636297480556,-0.20524344361051802,-0.5709638142221813,1,0,0,1,0,0,0,1,0,0,0,0,0,0,0,0,0,0,0,0,1,1,0
1.029058730750177,1.0871190587159265,-0.25789636297480556,-0.20524344361051802,0.08531643201021095,1,0,0,0,1,0,0,1,0,0,0,0,0,0,1,0,0,0,0,0,1,1,0
-1.6736562548051142,-0.3018746278887497,-0.25789636297480556,-0.20524344361051802,-0.294635289492753,1,0,0,0,1,0,0,0,0,1,0,0,0,0,1,0,0,0,0,0,1,1,0
1.3361854336541874,-0.7648725234236419,-0.25789636297480556,-0.20524344361051802,-0.9163744701339668,0,1,0,1,0,0,0,0,0,1,0,0,0,0,0,0,0,0,0,0,1,1,0
1.2747600930733853,-1.690868314493426,-0.25789636297480556,-0.20524344361051802,-1.5381136507751805,1,0,0,1,0,0,0,0,0,0,0,1,0,0,0,1,0,0,0,0,1,1,0
0.3533799843613543,0.8556201109484806,-0.25789636297480556,-0.20524344361051802,0.7415966782426032,1,0,0,1,0,0,0,0,0,0,0,0,0,0,0,0,0,0,0,0,1,0,0
-0.38372410260827056,0.1611232676461424,-0.25789636297480556,-0.20524344361051802,0.25802175996610366,1,0,0,1,0,0,0,0,0,1,0,0,0,0,1,0,0,0,0,0,1,1,0
-0.752276146093083,1.0871190587159265,-0.25789636297480556,-0.20524344361051802,-1.503572585184002,1,0,0,1,0,0,0,0,0,1,0,0,0,0,0,0,0,1,0,0,0,0,0
-0.19944808086586432,-0.3018746278887497,-0.25789636297480556,1.0862300450129823,-0.018306764763324667,1,0,0,0,1,0,0,0,0,0,1,0,0,0,0,1,0,0,0,0,1,1,1
-1.3051042113203015,-1.45936936672598,-0.25789636297480556,-0.20524344361051802,-0.9509155357251453,1,0,0,0,1,0,0,0,1,0,0,0,0,0,0,0,1,0,0,0,1,1,0
-0.015172059123458105,-0.5333735756561958,-0.25789636297480556,-0.20524344361051802,0.9488430717896745,0,0,0,0,1,0,0,0,0,1,0,0,0,0,0,0,0,0,0,0,1,1,1
-0.19944808086586432,-1.45936936672598,-0.25789636297480556,-0.20524344361051802,0.914302006198496,1,0,0,0,0,1,0,0,0,0,0,0,0,0,0,0,0,0,0,0,1,1,0
-1.1822535301586974,1.5501169542508186,-0.25789636297480556,-0.20524344361051802,-1.5726547163663591,1,0,0,1,0,0,0,0,1,0,0,0,0,0,1,0,0,0,0,0,1,1,0
-0.19944808086586432,-1.690868314493426,-0.25789636297480556,-0.20524344361051802,0.7761377438337818,0,0,0,1,0,0,0,0,1,0,0,0,0,0,0,0,1,0,0,0,1,0,0
0.29195464378055225,1.3186180064833726,2.9045373721261005,2.216711632999855,0.4998092191043535,1,0,0,0,1,0,0,1,0,0,0,0,1,0,0,0,0,0,0,0,1,1,0
1.3361854336541874,-0.3018746278887497,-0.25789636297480556,-0.20524344361051802,-0.43279955185746716,1,0,0,1,0,0,0,1,0,0,0,0,1,0,0,0,0,0,0,0,1,1,0
0.7219320278461667,1.0871190587159265,-0.25789636297480556,6.119438367114159,-0.6400459454045384,1,0,0,1,0,0,0,1,0,0,0,0,0,1,0,0,0,0,0,0,1,1,1
-1.3665295519011036,-1.45936936672598,-0.25789636297480556,-0.20524344361051802,-0.43279955185746716,1,0,0,1,0,0,0,1,0,0,0,0,0,0,0,0,0,0,0,0,1,0,1
-1.5508055736435098,1.0871190587159265,-0.25789636297480556,-0.20524344361051802,-0.15647102712803884,0,0,1,1,0,0,0,0,0,0,1,0,0,0,0,0,0,0,0,0,1,0,0
1.4590361148157915,1.3186180064833726,-0.25789636297480556,-0.20524344361051802,1.3978769244749956,1,0,0,0,0,0,0,0,0,1,0,0,0,0,0,0,1,0,0,0,1,1,0
1.2747600930733853,1.3186180064833726,-0.25789636297480556,-0.20524344361051802,-1.434490454001645,0,0,0,1,0,0,0,1,0,0,0,0,0,0,0,1,0,0,0,0,1,1,1
0.967633390169375,-1.45936936672598,-0.25789636297480556,-0.20524344361051802,-0.32917635508393156,1,0,0,0,1,0,0,0,0,0,0,1,1,0,0,0,0,0,0,0,1,1,0
-1.1208281895778953,1.0871190587159265,-0.25789636297480556,-0.20524344361051802,1.6396643836132454,1,0,0,1,0,0,0,1,0,0,0,0,0,1,0,0,0,0,0,0,1,1,0
-0.015172059123458105,0.6241211631810345,-0.25789636297480556,-0.20524344361051802,1.5015001212485313,1,0,0,0,1,0,0,0,0,1,0,0,0,0,0,0,1,0,0,0,1,1,0
1.6433121365581977,-0.7648725234236419,-0.25789636297480556,-0.20524344361051802,-1.5381136507751805,1,0,0,1,0,0,0,1,0,0,0,0,0,0,0,0,0,0,0,0,1,1,0
0.4148053249421564,1.3186180064833726,-0.25789636297480556,-0.20524344361051802,-0.743669142178074,1,0,0,0,1,0,0,0,0,0,1,0,1,0,0,0,0,0,0,0,1,1,0
-0.26087342144666636,-0.7648725234236419,-0.25789636297480556,-0.20524344361051802,1.0870073341543887,0,0,0,1,0,0,0,0,0,0,0,0,0,1,0,0,0,0,0,0,1,1,1
-0.5065747837698746,-0.3018746278887497,-0.25789636297480556,4.360911452467913,1.2942537277014599,1,0,0,1,0,0,0,0,0,0,0,0,0,0,1,0,0,0,0,0,1,1,1
1.7047374771389998,-1.690868314493426,-0.25789636297480556,-0.20524344361051802,-1.3999493884104663,0,0,0,0,1,0,0,0,0,1,0,0,1,0,0,0,0,0,1,0,0,0,0
0.4148053249421564,-0.07037568012130366,-0.25789636297480556,-0.20524344361051802,-1.6417368475487162,1,0,0,1,0,0,0,0,0,0,0,0,0,1,0,0,0,0,1,0,0,0,1
-1.1822535301586974,-1.2278704189585339,-0.25789636297480556,-0.20524344361051802,0.4652681535131749,0,0,0,1,0,0,0,0,0,0,0,0,0,0,0,0,1,0,0,0,1,1,0
0.47623066552295845,-0.9963714711910879,-0.25789636297480556,-0.20524344361051802,1.6051233180220668,0,1,0,1,0,0,0,0,0,0,0,1,0,0,1,0,0,0,0,0,1,1,0
-1.2436788707394995,1.5501169542508186,5.122843923363044,-0.20524344361051802,0.050775366419032415,0,1,0,0,0,0,0,0,0,1,0,0,0,1,0,0,0,0,0,0,1,1,1
-0.3222987620274685,0.1611232676461424,-0.25789636297480556,-0.20524344361051802,-0.6400459454045384,0,0,0,1,0,0,0,0,0,1,0,0,0,1,0,0,0,0,0,0,0,1,0
0.3533799843613543,-0.9963714711910879,-0.25789636297480556,-0.20524344361051802,-1.4690315195928234,0,1,0,0,1,0,0,0,0,0,0,0,0,0,0,0,0,1,0,0,0,0,0
1.2133347524925833,0.39262221541358844,-0.25789636297480556,-0.20524344361051802,-0.6745870109957169,1,0,0,1,0,0,0,0,0,0,0,0,0,0,0,1,0,0,0,0,1,1,0
0.3533799843613543,0.8556201109484806,-0.25789636297480556,-0.20524344361051802,0.2925628255572822,1,0,0,1,0,0,0,0,0,0,0,0,1,0,0,0,0,0,0,0,1,0,1
1.1519094119117812,1.5501169542508186,-0.25789636297480556,-0.20524344361051802,-1.6071957819575375,1,0,0,1,0,0,0,0,1,0,0,0,0,0,0,0,0,0,0,0,1,0,1
0.4148053249421564,-0.7648725234236419,-0.25789636297480556,-0.20524344361051802,0.050775366419032415,0,0,0,0,0,0,0,0,0,0,1,0,0,0,1,0,0,0,0,0,1,1,1
-0.6908508055122808,-0.3018746278887497,-0.25789636297480556,-0.20524344361051802,0.22348069437492513,1,0,0,1,0,0,0,1,0,0,0,0,0,0,0,1,0,0,0,0,1,1,0
1.2133347524925833,-0.9963714711910879,-0.25789636297480556,-0.20524344361051802,0.8106788094249604,0,1,0,1,0,0,0,0,0,0,1,0,0,1,0,0,0,0,0,0,1,1,1
0.5990813466845626,1.3186180064833726,-0.25789636297480556,-0.20524344361051802,-1.365408322819288,1,0,0,1,0,0,0,0,0,1,0,0,0,0,0,0,0,0,1,0,0,1,0
0.1691039626189481,-1.690868314493426,-0.25789636297480556,-0.20524344361051802,0.39618602233081784,1,0,0,1,0,0,0,0,0,0,0,1,0,0,0,1,0,0,0,0,1,1,1
-0.3222987620274685,0.1611232676461424,-0.25789636297480556,-0.20524344361051802,0.016234300827853876,1,0,0,1,0,0,0,1,0,0,0,0,1,0,0,0,0,0,0,0,1,1,0
-0.38372410260827056,-0.9963714711910879,-0.25789636297480556,-0.20524344361051802,-0.08738889594568175,1,0,0,0,1,0,0,0,0,0,0,1,0,0,1,0,0,0,1,0,0,0,0
0.1691039626189481,0.1611232676461424,3.655835491083354,-0.20524344361051802,1.3978769244749956,1,0,0,1,0,0,0,0,1,0,0,0,0,0,0,0,1,0,1,0,0,1,0
0.47623066552295845,-0.5333735756561958,-0.25789636297480556,-0.20524344361051802,-1.6762779131398946,1,0,0,1,0,0,0,0,0,1,0,0,0,0,0,0,0,0,0,0,1,1,1
-1.0594028489970932,1.5501169542508186,-0.25789636297480556,-0.20524344361051802,1.5360411868397097,1,0,0,0,1,0,0,0,1,0,0,0,0,0,1,0,0,0,0,0,1,1,1
1.2133347524925833,-1.690868314493426,-0.25789636297480556,-0.20524344361051802,0.25802175996610366,1,0,0,1,0,0,0,0,0,1,0,0,0,0,0,0,1,0,0,0,1,0,0
1.5818867959773957,0.8556201109484806,1.8922002274620713,-0.20524344361051802,-0.3982584862662886,1,0,0,1,0,0,0,0,0,0,0,1,0,0,0,0,0,0,0,0,1,1,0
-0.9979775084162913,-1.2278704189585339,-0.25789636297480556,-0.20524344361051802,0.4307270879219964,1,0,0,1,0,0,0,0,0,0,0,1,0,0,1,0,0,1,0,0,0,0,1
-0.38372410260827056,0.6241211631810345,-0.25789636297480556,-0.20524344361051802,1.0179252029720316,0,1,0,0,1,0,0,0,0,0,0,1,0,0,1,0,0,0,1,0,0,1,0
-0.26087342144666636,-1.45936936672598,-0.25789636297480556,-0.20524344361051802,1.3633358588838171,1,0,0,1,0,0,0,0,0,1,0,0,0,0,0,1,0,0,0,0,1,1,1
0.3533799843613543,0.1611232676461424,-0.25789636297480556,-0.20524344361051802,0.7070556126514247,1,0,0,0,1,0,0,0,0,0,0,0,0,0,0,0,0,0,0,0,1,1,1
0.7219320278461667,1.5501169542508186,-0.25789636297480556,-0.20524344361051802,1.1215483997455673,1,0,0,1,0,0,0,0,0,0,0,1,0,0,1,0,0,0,0,0,1,1,0
0.04625328145734397,0.8556201109484806,-0.25789636297480556,-0.20524344361051802,0.534350284695532,1,0,0,0,1,0,0,0,1,0,0,0,0,1,0,0,0,0,1,0,0,0,0
-0.752276146093083,-1.690868314493426,-0.25789636297480556,-0.20524344361051802,0.4307270879219964,1,0,0,1,0,0,0,1,0,0,0,0,0,0,0,0,0,0,0,0,1,1,0
1.2133347524925833,1.0871190587159265,3.2781475469068995,-0.20524344361051802,0.22348069437492513,1,0,0,0,1,0,0,0,0,1,0,0,0,0,1,0,0,0,0,0,1,0,0
-0.5680001243506767,1.3186180064833726,-0.25789636297480556,-0.20524344361051802,0.6034324158778891,1,0,0,0,0,0,0,0,1,0,0,0,0,0,0,1,0,0,0,0,1,1,0
1.1519094119117812,0.1611232676461424,-0.25789636297480556,-0.20524344361051802,-1.123620863681038,1,0,0,0,1,0,0,0,0,0,1,0,0,0,0,0,1,0,0,0,1,1,0
-0.26087342144666636,0.1611232676461424,-0.25789636297480556,-0.20524344361051802,-1.434490454001645,1,0,0,1,0,0,0,0,0,0,1,0,0,0,0,0,1,0,0,0,1,1,0
-0.4451494431890726,-0.07037568012130366,5.490213875280793,-0.20524344361051802,0.3616449567396393,0,0,0,1,0,0,0,1,0,0,0,0,0,1,0,0,0,0,0,0,1,1,0
-0.9979775084162913,-0.07037568012130366,-0.25789636297480556,-0.20524344361051802,-0.32917635508393156,0,1,0,1,0,0,0,0,0,0,0,0,0,0,0,0,0,0,1,0,0,0,0
-0.6294254649314788,0.6241211631810345,-0.25789636297480556,-0.20524344361051802,1.0870073341543887,1,0,0,1,0,0,0,0,0,0,0,1,0,0,0,1,0,0,1,0,0,0,0
1.2133347524925833,1.3186180064833726,-0.25789636297480556,-0.20524344361051802,1.3633358588838171,1,0,0,1,0,0,0,0,0,1,0,0,0,0,1,0,0,0,0,0,1,1,1
0.4148053249421564,0.8556201109484806,-0.25789636297480556,-0.20524344361051802,0.4307270879219964,1,0,0,0,0,0,0,0,1,0,0,0,0,0,1,0,0,0,0,0,1,1,0
-1.0594028489970932,-1.690868314493426,-0.25789636297480556,-0.20524344361051802,-0.294635289492753,1,0,0,1,0,0,0,0,0,0,0,1,0,0,0,0,1,0,0,0,1,1,0
0.7219320278461667,0.6241211631810345,-0.25789636297480556,-0.20524344361051802,-1.2963261916369306,0,0,1,1,0,0,0,0,1,0,0,0,0,0,0,1,0,0,0,0,1,1,1
-0.6294254649314788,-0.07037568012130366,-0.25789636297480556,-0.20524344361051802,1.5015001212485313,1,0,0,0,1,0,0,0,0,1,0,0,0,1,0,0,0,0,0,0,1,1,0
-1.0594028489970932,0.39262221541358844,-0.25789636297480556,-0.20524344361051802,1.3633358588838171,1,0,0,0,1,0,0,0,0,0,1,0,0,0,0,0,1,0,1,0,0,1,0
-1.2436788707394995,1.3186180064833726,-0.25789636297480556,-0.20524344361051802,0.15439856319256803,1,0,0,1,0,0,0,0,0,0,0,1,0,0,0,0,1,0,0,0,1,1,0
-1.3665295519011036,-1.2278704189585339,-0.25789636297480556,-0.20524344361051802,1.3633358588838171,0,1,0,0,0,0,0,1,0,0,0,0,0,1,0,0,0,0,0,0,1,1,1
-0.07659739970426017,0.6241211631810345,-0.25789636297480556,-0.20524344361051802,1.5015001212485313,1,0,0,1,0,0,0,0,0,0,0,0,0,0,0,0,0,0,1,0,0,1,0
-0.9365521678354892,-0.3018746278887497,-0.25789636297480556,-0.20524344361051802,-1.3308672572281093,1,0,0,0,1,0,0,1,0,0,0,0,0,0,1,0,0,1,0,0,0,1,1
0.10767862203814604,0.6241211631810345,-0.25789636297480556,-0.20524344361051802,0.3616449567396393,1,0,0,0,1,0,0,0,0,0,0,0,0,0,0,0,0,0,0,0,1,1,1
1.3976107742349895,1.5501169542508186,-0.25789636297480556,-0.20524344361051802,0.6379734814690676,1,0,0,0,1,0,0,0,1,0,0,0,0,0,0,1,0,0,0,0,1,1,0
-0.6294254649314788,-1.690868314493426,-0.25789636297480556,-0.20524344361051802,0.9833841373808531,1,0,0,0,1,0,0,0,0,0,0,1,1,0,0,0,0,0,0,0,1,0,0
1.0904840713309791,-1.690868314493426,-0.25789636297480556,-0.20524344361051802,-0.1219299615368603,1,0,0,1,0,0,0,0,0,0,0,1,1,0,0,0,0,0,0,0,1,1,0
-0.8137014866738851,0.39262221541358844,-0.25789636297480556,-0.20524344361051802,-0.3982584862662886,1,0,0,1,0,0,0,0,0,0,0,0,1,0,0,0,0,0,0,0,1,1,0
1.4590361148157915,1.0871190587159265,-0.25789636297480556,-0.20524344361051802,0.39618602233081784,1,0,0,0,1,0,0,0,0,0,1,0,0,1,0,0,0,0,0,0,1,1,0
-1.4893802330627077,-0.7648725234236419,-0.25789636297480556,-0.20524344361051802,-1.123620863681038,1,0,0,1,0,0,0,0,0,1,0,0,0,0,0,0,1,1,0,0,0,1,0
0.3533799843613543,-0.7648725234236419,4.154929751357754,-0.20524344361051802,0.5688913502867106,1,0,0,0,0,0,0,1,0,0,0,0,0,0,0,0,0,0,0,0,1,0,0
-1.0594028489970932,-0.07037568012130366,-0.25789636297480556,-0.20524344361051802,0.7761377438337818,1,0,0,1,0,0,0,0,1,0,0,0,0,0,1,0,0,0,0,0,1,1,1
-0.26087342144666636,-0.3018746278887497,-0.25789636297480556,-0.20524344361051802,-0.46734061744864575,1,0,0,1,0,0,0,1,0,0,0,0,1,0,0,0,0,0,0,0,1,0,0
1.3976107742349895,-0.07037568012130366,-0.25789636297480556,-0.20524344361051802,0.8452198750161389,0,1,0,1,0,0,0,1,0,0,0,0,0,0,0,0,0,0,0,0,1,0,0
-0.5065747837698746,-0.5333735756561958,-0.10627748271813614,-0.20524344361051802,-1.4690315195928234,1,0,0,1,0,0,0,0,1,0,0,0,1,0,0,0,0,0,1,0,0,1,0
0.4148053249421564,-0.5333735756561958,-0.25789636297480556,-0.20524344361051802,-1.1581619292722165,1,0,0,0,1,0,0,0,1,0,0,0,1,0,0,0,0,0,0,0,1,1,0
1.4590361148157915,-1.45936936672598,-0.25789636297480556,-0.20524344361051802,-1.2272440604545736,1,0,0,0,1,0,0,0,0,0,0,1,0,0,1,0,0,0,0,0,1,1,1
-0.38372410260827056,-0.5333735756561958,-0.25789636297480556,-0.20524344361051802,1.0524662685632102,1,0,0,0,1,0,0,1,0,0,0,0,0,0,0,1,0,0,0,0,1,1,0
-0.8137014866738851,-0.7648725234236419,-0.25789636297480556,-0.20524344361051802,-0.8472923389516097,0,1,0,0,0,0,0,0,0,1,0,0,0,0,0,1,0,0,0,0,1,1,0
1.7047374771389998,1.0871190587159265,-0.25789636297480556,-0.20524344361051802,-1.5726547163663591,1,0,0,0,0,0,0,0,0,1,0,0,0,0,0,1,0,0,0,0,1,1,0
0.5990813466845626,-1.2278704189585339,-0.25789636297480556,-0.20524344361051802,-0.7091280765868955,0,0,0,0,0,0,0,0,0,0,0,0,0,1,0,0,0,0,0,0,1,1,0
0.967633390169375,-0.5333735756561958,-0.25789636297480556,-0.20524344361051802,0.22348069437492513,1,0,0,1,0,0,0,0,1,0,0,0,0,0,0,0,1,0,0,0,1,1,0
1.4590361148157915,-0.07037568012130366,-0.25789636297480556,-0.20524344361051802,-1.503572585184002,1,0,0,0,1,0,0,0,0,0,0,1,0,1,0,0,0,0,0,0,1,1,0
0.7833573684269688,0.1611232676461424,-0.25789636297480556,-0.20524344361051802,-1.6762779131398946,0,1,0,1,0,0,0,0,0,1,0,0,0,0,0,0,0,0,0,0,1,0,1
0.5990813466845626,-1.690868314493426,-0.25789636297480556,-0.20524344361051802,-0.3637174206751101,0,0,0,1,0,0,0,0,0,0,1,0,0,1,0,0,0,1,0,0,0,1,1
-0.9365521678354892,-1.2278704189585339,-0.25789636297480556,-0.20524344361051802,-1.6762779131398946,0,1,0,0,1,0,0,0,0,0,0,1,0,0,0,0,0,0,1,0,0,0,0
0.10767862203814604,-1.2278704189585339,-0.25789636297480556,3.7930169458266203,0.4652681535131749,0,1,0,1,0,0,0,0,0,0,0,1,0,0,0,0,0,0,0,0,1,1,0
-1.4893802330627077,0.6241211631810345,-0.25789636297480556,-0.20524344361051802,0.25802175996610366,1,0,0,1,0,0,0,0,0,1,0,0,0,0,0,0,1,0,0,0,1,1,0
0.3533799843613543,-0.07037568012130366,-0.25789636297480556,-0.20524344361051802,0.6034324158778891,0,1,0,1,0,0,0,0,0,0,1,0,0,0,1,0,0,0,0,0,1,1,0
-0.38372410260827056,-1.690868314493426,-0.25789636297480556,-0.20524344361051802,0.534350284695532,1,0,0,1,0,0,0,0,0,0,0,0,0,0,0,0,1,0,0,0,1,1,0
-0.015172059123458105,-0.7648725234236419,-0.25789636297480556,-0.20524344361051802,0.534350284695532,0,0,0,0,0,0,0,0,0,1,0,0,0,0,0,1,0,0,0,0,1,1,0
0.8447827090077709,-1.2278704189585339,-0.25789636297480556,-0.20524344361051802,-0.9854566013163238,1,0,0,1,0,0,0,0,0,0,1,0,0,0,0,1,0,0,1,0,0,1,0
-1.1208281895778953,-1.45936936672598,4.948364820736788,-0.20524344361051802,-0.6745870109957169,0,1,0,1,0,0,0,0,0,0,0,1,0,1,0,0,0,0,1,0,0,0,0
-0.6908508055122808,1.5501169542508186,-0.25789636297480556,-0.20524344361051802,1.6051233180220668,1,0,0,1,0,0,0,0,0,0,1,0,0,0,0,0,0,0,0,0,1,1,0
1.0904840713309791,-0.07037568012130366,-0.25789636297480556,-0.20524344361051802,-0.5709638142221813,1,0,0,1,0,0,0,0,0,0,0,1,1,0,0,0,0,0,0,0,1,1,0
-1.0594028489970932,-1.2278704189585339,-0.25789636297480556,-0.20524344361051802,-0.05284783035450321,1,0,0,0,0,0,0,0,0,1,0,0,1,0,0,0,0,0,1,0,0,0,1
-1.2436788707394995,-0.3018746278887497,-0.25789636297480556,-0.20524344361051802,-0.9509155357251453,0,1,0,1,0,0,0,0,1,0,0,0,0,0,0,0,0,0,0,0,1,0,0
-1.1822535301586974,0.8556201109484806,-0.25789636297480556,-0.20524344361051802,1.5360411868397097,1,0,0,0,1,0,0,0,0,1,0,0,0,0,0,0,1,0,0,0,1,1,0
0.9062080495885729,0.6241211631810345,-0.25789636297480556,-0.20524344361051802,0.15439856319256803,1,0,0,0,1,0,0,1,0,0,0,0,0,0,1,0,0,0,0,0,1,1,1
-0.752276146093083,-1.690868314493426,0.662073126439134,-0.20524344361051802,-1.5726547163663591,1,0,0,0,0,1,0,1,0,0,0,0,0,0,0,0,1,0,0,0,1,0,0
0.5376560061037605,-0.5333735756561958,-0.25789636297480556,3.4515725851357497,1.2942537277014599,1,0,0,0,1,0,0,1,0,0,0,0,0,0,0,0,0,0,0,0,1,1,1
-1.3665295519011036,-1.2278704189585339,3.720832663874722,-0.20524344361051802,0.1889396287837466,0,0,0,0,0,0,0,0,0,1,0,0,0,0,0,0,0,0,0,0,1,1,0
1.029058730750177,-0.07037568012130366,-0.25789636297480556,-0.20524344361051802,-0.19101209271921737,1,0,0,1,0,0,0,0,0,0,0,0,0,0,1,0,0,0,0,0,1,1,0
-0.9979775084162913,-0.5333735756561958,-0.25789636297480556,-0.20524344361051802,1.3633358588838171,0,0,1,1,0,0,0,0,0,1,0,0,0,1,0,0,0,0,0,0,1,0,0
0.6605066872653647,0.8556201109484806,-0.25789636297480556,-0.20524344361051802,-1.2963261916369306,1,0,0,1,0,0,0,0,1,0,0,0,0,1,0,0,0,0,0,0,1,1,0
0.7833573684269688,-1.45936936672598,-0.25789636297480556,-0.20524344361051802,1.0870073341543887,1,0,0,0,0,0,0,0,0,0,1,0,0,0,1,0,0,0,0,0,1,0,1
-1.2436788707394995,-0.5333735756561958,-0.25789636297480556,-0.20524344361051802,1.0179252029720316,0,1,0,1,0,0,0,0,0,1,0,0,0,1,0,0,0,0,0,0,1,1,0
1.2747600930733853,-0.3018746278887497,-0.25789636297480556,-0.20524344361051802,0.8452198750161389,1,0,0,1,0,0,0,0,0,1,0,0,1,0,0,0,0,0,0,0,1,0,1
-0.13802274028506226,-0.7648725234236419,-0.25789636297480556,-0.20524344361051802,0.08531643201021095,1,0,0,1,0,0,0,0,0,0,0,1,0,1,0,0,0,0,1,0,0,1,0
-1.6736562548051142,-1.2278704189585339,2.988440566660965,-0.20524344361051802,1.5015001212485313,1,0,0,1,0,0,0,0,0,0,0,1,0,1,0,0,0,0,0,0,1,1,0
-1.4893802330627077,-0.9963714711910879,-0.25789636297480556,-0.20524344361051802,0.914302006198496,0,1,0,1,0,0,0,0,0,0,0,1,0,1,0,0,0,0,0,0,1,0,0
-0.015172059123458105,-0.9963714711910879,-0.25789636297480556,-0.20524344361051802,0.534350284695532,1,0,0,0,0,0,1,0,0,1,0,0,1,0,0,0,0,0,0,0,0,1,0
0.47623066552295845,-0.5333735756561958,-0.25789636297480556,-0.20524344361051802,0.534350284695532,0,0,1,1,0,0,0,0,0,0,0,0,0,1,0,0,0,0,0,0,1,1,1
0.5376560061037605,0.39262221541358844,-0.25789636297480556,2.2786315947831732,-1.365408322819288,0,0,1,0,1,0,0,0,0,0,1,0,0,0,0,1,0,0,0,0,1,1,0
-0.6294254649314788,-1.690868314493426,-0.25789636297480556,-0.20524344361051802,-1.0890797980898594,1,0,0,0,1,0,0,0,0,0,1,0,1,0,0,0,0,0,0,0,1,1,0
-1.3051042113203015,0.6241211631810345,-0.25789636297480556,6.538724965475487,-0.08738889594568175,1,0,0,1,0,0,0,0,1,0,0,0,0,0,1,0,0,0,0,0,1,1,0
1.1519094119117812,-0.9963714711910879,-0.25789636297480556,-0.20524344361051802,0.5688913502867106,1,0,0,1,0,0,0,0,0,0,0,0,0,0,0,0,1,0,0,0,1,0,1
0.967633390169375,0.39262221541358844,-0.25789636297480556,-0.20524344361051802,-0.018306764763324667,1,0,0,1,0,0,0,0,0,0,0,0,0,0,1,0,0,0,1,0,0,1,1
-1.7350815953859162,1.0871190587159265,-0.25789636297480556,-0.20524344361051802,0.7761377438337818,1,0,0,1,0,0,0,0,0,0,1,0,0,0,0,0,1,0,0,0,1,1,0
-0.4451494431890726,-0.9963714711910879,-0.25789636297480556,-0.20524344361051802,-0.9509155357251453,1,0,0,0,1,0,0,1,0,0,0,0,0,0,1,0,0,0,0,0,1,1,0
1.3976107742349895,0.39262221541358844,-0.25789636297480556,-0.20524344361051802,1.2597126621102814,1,0,0,1,0,0,0,0,0,0,0,1,0,0,0,1,0,0,1,0,0,1,0
-0.752276146093083,-1.690868314493426,-0.25789636297480556,-0.20524344361051802,-0.8127512733604312,0,0,0,1,0,0,0,0,0,0,0,1,0,0,0,0,1,0,0,0,1,0,0
-1.3665295519011036,0.1611232676461424,-0.25789636297480556,-0.20524344361051802,1.3978769244749956,0,1,0,0,1,0,0,0,0,0,1,0,0,0,0,0,1,0,0,0,1,1,1
-0.26087342144666636,-0.9963714711910879,-0.25789636297480556,-0.20524344361051802,-1.3999493884104663,0,1,0,0,0,1,0,0,0,0,0,0,0,0,0,0,0,0,0,0,1,1,0
0.967633390169375,-0.3018746278887497,-0.25789636297480556,-0.20524344361051802,-0.9854566013163238,1,0,0,0,0,0,0,0,1,0,0,0,0,0,0,0,1,0,0,0,1,0,0
-1.5508055736435098,0.8556201109484806,-0.25789636297480556,-0.20524344361051802,1.5705822524308883,1,0,0,0,0,0,0,1,0,0,0,0,0,0,0,0,1,0,0,0,1,1,0
0.4148053249421564,1.3186180064833726,-0.25789636297480556,-0.20524344361051802,0.4652681535131749,1,0,0,0,0,0,0,0,0,0,1,0,0,0,0,0,0,0,0,0,1,0,0
-1.4279548924819057,-1.2278704189585339,-0.25789636297480556,-0.20524344361051802,-1.503572585184002,0,0,1,1,0,0,0,0,0,0,0,1,0,1,0,0,0,0,0,0,1,0,1
0.10767862203814604,0.39262221541358844,-0.25789636297480556,-0.20524344361051802,-1.2272440604545736,1,0,0,0,1,0,0,0,0,1,0,0,0,1,0,0,0,0,0,0,1,0,0
-0.6294254649314788,0.8556201109484806,2.215208991105864,-0.20524344361051802,-0.5709638142221813,0,0,0,1,0,0,0,0,0,0,0,0,0,0,0,0,0,0,0,0,1,1,0
0.9062080495885729,-1.2278704189585339,-0.25789636297480556,3.014594569122045,0.7415966782426032,1,0,0,0,1,0,0,0,0,1,0,0,1,0,0,0,0,0,0,0,1,0,1
1.5204614553965936,1.3186180064833726,-0.25789636297480556,-0.20524344361051802,-0.8818334045427882,1,0,0,0,1,0,0,0,1,0,0,0,0,0,0,0,1,0,0,0,1,0,0
0.5990813466845626,-0.07037568012130366,-0.25789636297480556,-0.20524344361051802,0.8106788094249604,0,1,0,1,0,0,0,0,0,0,1,0,0,0,0,0,1,0,0,0,1,1,0
-0.13802274028506226,-0.07037568012130366,-0.25789636297480556,-0.20524344361051802,0.8797609406073175,1,0,0,0,0,0,0,0,0,0,0,1,0,0,0,0,0,0,0,0,1,1,0
-1.1822535301586974,0.6241211631810345,-0.25789636297480556,-0.20524344361051802,1.2942537277014599,0,0,0,0,0,0,0,1,0,0,0,0,0,0,0,0,0,1,0,0,0,1,0
-0.19944808086586432,0.8556201109484806,-0.25789636297480556,6.066364114157029,0.050775366419032415,0,0,0,1,0,0,0,0,0,1,0,0,1,0,0,0,0,0,0,0,1,1,0
-0.6294254649314788,-1.690868314493426,-0.25789636297480556,-0.20524344361051802,-1.6417368475487162,1,0,0,0,0,0,0,1,0,0,0,0,0,0,0,1,0,0,0,0,1,1,0
0.5990813466845626,0.39262221541358844,-0.25789636297480556,-0.20524344361051802,-1.1927029948633951,1,0,0,1,0,0,0,0,1,0,0,0,0,1,0,0,0,0,0,0,1,1,0
-1.6122309142243119,-1.45936936672598,-0.25789636297480556,-0.20524344361051802,-0.5018816830398243,1,0,0,0,1,0,0,0,0,0,0,1,0,0,1,0,0,0,0,0,1,1,0
0.967633390169375,-0.07037568012130366,-0.25789636297480556,-0.20524344361051802,-0.46734061744864575,0,0,0,0,1,0,0,0,0,1,0,0,0,0,0,1,0,0,0,0,1,1,0
-0.9979775084162913,-1.690868314493426,-0.25789636297480556,-0.20524344361051802,1.4669590556573526,1,0,0,0,1,0,0,0,1,0,0,0,0,1,0,0,0,0,0,0,1,1,0
1.2747600930733853,1.5501169542508186,-0.25789636297480556,-0.20524344361051802,-0.3637174206751101,1,0,0,0,0,1,0,1,0,0,0,0,0,0,0,0,1,0,1,0,0,1,0
-0.07659739970426017,0.8556201109484806,-0.25789636297480556,-0.20524344361051802,-1.5726547163663591,1,0,0,0,0,0,0,1,0,0,0,0,0,0,0,1,0,0,0,0,1,0,1
-0.5680001243506767,-0.07037568012130366,1.2084324410722747,-0.20524344361051802,0.4998092191043535,0,1,0,0,0,0,0,0,0,1,0,0,0,0,0,0,0,0,0,0,1,1,0
-0.07659739970426017,-0.07037568012130366,-0.25789636297480556,-0.20524344361051802,0.8452198750161389,1,0,0,1,0,0,0,0,0,0,0,1,1,0,0,0,0,0,0,0,1,1,0
-1.3051042113203015,-1.45936936672598,-0.25789636297480556,-0.20524344361051802,-1.503572585184002,0,1,0,0,0,0,0,1,0,0,0,0,0,1,0,0,0,0,0,0,1,1,1
0.7219320278461667,-0.9963714711910879,-0.25789636297480556,-0.20524344361051802,0.25802175996610366,0,0,0,1,0,0,0,0,0,0,1,0,1,0,0,0,0,0,0,0,1,1,0
0.5990813466845626,-0.5333735756561958,1.7939630556576276,-0.20524344361051802,-0.6745870109957169,1,0,0,0,0,0,0,0,1,0,0,0,0,1,0,0,0,0,0,0,1,0,0
-1.7350815953859162,0.8556201109484806,-0.25789636297480556,-0.20524344361051802,0.8452198750161389,1,0,0,1,0,0,0,0,0,1,0,0,0,0,0,1,0,0,1,0,0,0,0
-1.6122309142243119,0.6241211631810345,-0.25789636297480556,-0.20524344361051802,1.6051233180220668,0,0,1,1,0,0,0,0,0,0,0,0,0,0,0,0,1,0,0,0,1,1,0
-0.9979775084162913,0.1611232676461424,-0.25789636297480556,-0.20524344361051802,0.6034324158778891,1,0,0,0,1,0,0,0,0,0,0,0,0,0,1,0,0,0,0,0,1,0,0
-0.07659739970426017,1.5501169542508186,-0.25789636297480556,-0.20524344361051802,1.3978769244749956,0,0,0,1,0,0,0,0,0,0,0,1,1,0,0,0,0,0,0,0,1,1,1
1.7047374771389998,-0.07037568012130366,-0.25789636297480556,-0.20524344361051802,-1.1927029948633951,1,0,0,1,0,0,0,0,0,0,1,0,1,0,0,0,0,0,0,0,1,1,1
1.2133347524925833,0.8556201109484806,-0.25789636297480556,-0.20524344361051802,-1.123620863681038,1,0,0,1,0,0,0,1,0,0,0,0,0,0,1,0,0,0,0,0,1,1,0
-0.26087342144666636,1.5501169542508186,-0.25789636297480556,-0.20524344361051802,1.4324179900661742,0,0,0,1,0,0,0,0,0,0,0,0,1,0,0,0,0,0,0,0,1,0,0
1.6433121365581977,-0.07037568012130366,-0.25789636297480556,-0.20524344361051802,-1.0890797980898594,1,0,0,1,0,0,0,0,0,0,0,1,1,0,0,0,0,0,0,0,1,1,0
0.23052930319975018,-0.3018746278887497,-0.25789636297480556,-0.20524344361051802,-1.054538732498681,1,0,0,1,0,0,0,0,1,0,0,0,0,1,0,0,0,0,0,0,1,1,1
0.5376560061037605,1.3186180064833726,-0.25789636297480556,-0.20524344361051802,0.914302006198496,1,0,0,1,0,0,0,0,0,0,1,0,0,1,0,0,0,0,0,0,1,0,0
1.4590361148157915,1.0871190587159265,-0.25789636297480556,-0.20524344361051802,1.3287947932926385,1,0,0,1,0,0,0,0,0,0,1,0,0,0,1,0,0,0,0,0,1,1,0
-1.4279548924819057,0.1611232676461424,-0.25789636297480556,-0.20524344361051802,0.6725145470602462,1,0,0,0,1,0,0,0,0,0,0,1,0,0,0,0,1,1,0,0,0,1,0
0.9062080495885729,1.5501169542508186,-0.25789636297480556,-0.20524344361051802,-0.8818334045427882,1,0,0,1,0,0,0,0,0,0,0,1,0,0,0,1,0,0,0,0,1,0,0
0.967633390169375,-1.45936936672598,-0.25789636297480556,-0.20524344361051802,1.4324179900661742,0,0,0,0,0,1,0,1,0,0,0,0,0,0,0,1,0,0,0,0,1,1,0
0.1691039626189481,-1.2278704189585339,-0.25789636297480556,-0.20524344361051802,-0.05284783035450321,1,0,0,0,0,0,0,0,0,0,0,1,1,0,0,0,0,1,0,0,0,1,0
0.967633390169375,0.39262221541358844,-0.25789636297480556,-0.20524344361051802,-0.6745870109957169,1,0,0,1,0,0,0,1,0,0,0,0,0,0,0,0,1,0,0,0,1,1,1
1.0904840713309791,-0.07037568012130366,-0.25789636297480556,-0.20524344361051802,-1.1927029948633951,1,0,0,0,0,0,0,1,0,0,0,0,0,0,1,0,0,0,0,0,1,1,0
-0.5065747837698746,1.3186180064833726,-0.25789636297480556,-0.20524344361051802,-0.08738889594568175,0,1,0,0,0,0,0,0,0,1,0,0,0,0,1,0,0,0,0,0,1,1,0
-0.8137014866738851,-0.5333735756561958,-0.25789636297480556,-0.20524344361051802,-0.19101209271921737,1,0,0,0,0,0,1,0,0,0,1,0,0,1,0,0,0,0,0,0,1,1,0
1.5204614553965936,0.39262221541358844,-0.25789636297480556,-0.20524344361051802,1.6742054492044238,0,0,0,0,1,0,0,0,1,0,0,0,1,0,0,0,0,0,0,0,1,1,0
-0.5065747837698746,0.1611232676461424,-0.25789636297480556,-0.20524344361051802,-0.7782102077692526,1,0,0,1,0,0,0,0,0,0,1,0,0,0,0,0,0,0,0,0,1,1,0
-1.1208281895778953,0.39262221541358844,-0.25789636297480556,-0.20524344361051802,1.1906305309279244,1,0,0,0,1,0,0,0,0,0,1,0,0,0,1,0,0,0,0,0,1,0,0
0.47623066552295845,-0.9963714711910879,-0.25789636297480556,-0.20524344361051802,0.4998092191043535,1,0,0,0,1,0,0,0,0,1,0,0,1,0,0,0,0,0,0,0,1,0,0
0.4148053249421564,-0.07037568012130366,-0.25789636297480556,-0.20524344361051802,-0.294635289492753,1,0,0,0,1,0,0,1,0,0,0,0,0,0,0,0,1,0,0,0,1,1,0
0.3533799843613543,0.39262221541358844,-0.25789636297480556,-0.20524344361051802,1.6051233180220668,1,0,0,1,0,0,0,1,0,0,0,0,0,1,0,0,0,0,0,0,1,1,0
-0.6294254649314788,-1.2278704189585339,-0.25789636297480556,-0.20524344361051802,0.6379734814690676,1,0,0,0,0,0,0,0,0,0,0,1,0,0,0,1,0,0,0,0,1,0,1
-0.5680001243506767,-1.2278704189585339,-0.25789636297480556,-0.20524344361051802,-1.5381136507751805,0,0,0,0,0,1,0,0,0,1,0,0,0,0,0,0,1,0,0,0,1,1,0
1.7047374771389998,-0.07037568012130366,-0.25789636297480556,-0.20524344361051802,0.1198574976013895,1,0,0,1,0,0,0,0,0,0,0,1,0,0,1,0,0,0,0,0,1,1,0
-0.6908508055122808,-0.7648725234236419,-0.25789636297480556,-0.20524344361051802,-1.434490454001645,1,0,0,1,0,0,0,0,0,1,0,0,0,0,1,0,0,0,0,0,1,0,0
1.0904840713309791,-1.2278704189585339,-0.25789636297480556,-0.20524344361051802,-0.9509155357251453,1,0,0,1,0,0,0,0,0,0,0,1,0,0,0,0,1,0,0,0,1,0,0
0.7219320278461667,0.39262221541358844,-0.25789636297480556,5.657692366387127,-1.4690315195928234,0,1,0,0,0,0,0,0,0,0,0,0,0,0,1,0,0,0,0,0,1,0,0
1.2133347524925833,0.6241211631810345,-0.25789636297480556,-0.20524344361051802,-0.9509155357251453,1,0,0,0,1,0,0,0,0,0,1,0,1,0,0,0,0,0,0,0,1,0,0
-0.9365521678354892,-1.690868314493426,-0.25789636297480556,-0.20524344361051802,-0.1219299615368603,1,0,0,0,1,0,0,0,0,0,1,0,0,0,1,0,0,0,0,0,1,1,0
-0.8751268272546872,1.5501169542508186,-0.25789636297480556,-0.20524344361051802,-0.6745870109957169,1,0,0,1,0,0,0,0,1,0,0,0,0,1,0,0,0,0,0,0,1,1,0
0.10767862203814604,-1.2278704189585339,-0.25789636297480556,-0.20524344361051802,-1.1581619292722165,0,1,0,0,1,0,0,1,0,0,0,0,1,0,0,0,0,0,1,0,0,0,0
-1.7350815953859162,0.8556201109484806,-0.25789636297480556,-0.20524344361051802,1.0179252029720316,1,0,0,1,0,0,0,0,1,0,0,0,0,0,0,0,0,0,0,0,1,1,0
1.4590361148157915,0.1611232676461424,-0.25789636297480556,-0.20524344361051802,-1.5381136507751805,1,0,0,0,1,0,0,0,0,0,0,0,0,0,1,0,0,0,0,0,1,1,0
1.5204614553965936,-0.7648725234236419,-0.25789636297480556,-0.20524344361051802,0.6034324158778891,0,0,0,0,0,0,0,0,1,0,0,0,0,0,1,0,0,0,0,0,1,0,1
1.5204614553965936,0.8556201109484806,-0.25789636297480556,-0.20524344361051802,-0.9163744701339668,0,1,0,0,0,0,1,0,0,0,1,0,0,1,0,0,0,0,0,0,1,0,0
-1.6122309142243119,0.39262221541358844,0.2746232494670175,-0.20524344361051802,0.39618602233081784,1,0,0,0,0,1,0,1,0,0,0,0,0,1,0,0,0,0,0,0,1,1,1
-0.8137014866738851,1.5501169542508186,-0.25789636297480556,-0.20524344361051802,0.8452198750161389,0,0,0,0,0,1,0,0,0,0,0,0,0,0,0,1,0,0,0,0,1,0,1
-0.38372410260827056,-1.45936936672598,-0.25789636297480556,3.529414822806207,-1.5381136507751805,1,0,0,1,0,0,0,0,0,0,1,0,0,0,0,0,1,0,0,0,1,0,1
1.7047374771389998,-0.3018746278887497,-0.25789636297480556,-0.20524344361051802,-0.9163744701339668,1,0,0,0,1,0,0,0,0,0,0,1,0,0,0,0,1,1,0,0,0,1,0
-1.1208281895778953,1.5501169542508186,-0.25789636297480556,-0.20524344361051802,1.0179252029720316,1,0,0,0,1,0,0,0,0,1,0,0,0,0,0,0,1,0,0,0,1,1,1
-1.0594028489970932,-1.45936936672598,-0.25789636297480556,-0.20524344361051802,1.1215483997455673,1,0,0,0,0,1,0,0,0,0,0,0,0,1,0,0,0,0,0,0,1,1,0
-1.1822535301586974,-0.9963714711910879,-0.25789636297480556,-0.20524344361051802,-0.8472923389516097,1,0,0,1,0,0,0,1,0,0,0,0,0,0,0,0,1,0,0,0,1,1,0
0.1691039626189481,0.8556201109484806,-0.25789636297480556,-0.20524344361051802,-1.434490454001645,0,0,0,1,0,0,0,0,1,0,0,0,0,0,0,0,1,0,1,0,0,1,0
-0.8137014866738851,-0.3018746278887497,-0.25789636297480556,-0.20524344361051802,1.5705822524308883,1,0,0,1,0,0,0,0,1,0,0,0,0,0,0,0,0,0,0,0,1,1,0
-1.3051042113203015,-0.9963714711910879,-0.25789636297480556,-0.20524344361051802,-0.9854566013163238,1,0,0,0,1,0,0,0,0,0,0,0,0,0,0,0,1,0,0,0,1,1,0
0.5376560061037605,-0.3018746278887497,4.319029077340522,-0.20524344361051802,-1.6417368475487162,1,0,0,1,0,0,0,1,0,0,0,0,0,0,1,0,0,0,1,0,0,1,0
-1.0594028489970932,-0.3018746278887497,-0.25789636297480556,-0.20524344361051802,-0.9509155357251453,0,0,0,1,0,0,0,0,0,0,0,0,0,0,0,1,0,0,0,0,1,0,0
-0.3222987620274685,-1.690868314493426,1.7649243948097733,-0.20524344361051802,0.7761377438337818,1,0,0,1,0,0,0,1,0,0,0,0,0,1,0,0,0,0,0,0,1,1,0
-0.07659739970426017,-0.5333735756561958,0.2520101646365607,-0.20524344361051802,1.2942537277014599,1,0,0,1,0,0,0,0,1,0,0,0,1,0,0,0,0,0,0,0,1,0,0
1.4590361148157915,0.1611232676461424,-0.25789636297480556,-0.20524344361051802,1.6051233180220668,1,0,0,0,0,0,0,0,0,0,1,0,0,0,0,1,0,0,0,0,1,0,0
-1.3051042113203015,-1.45936936672598,-0.25789636297480556,2.066334582954653,0.7761377438337818,1,0,0,1,0,0,0,0,0,0,0,1,0,0,0,0,0,0,0,0,1,1,1
-0.07659739970426017,1.3186180064833726,-0.25789636297480556,-0.20524344361051802,0.6379734814690676,0,0,1,0,1,0,0,0,0,0,1,0,0,1,0,0,0,0,0,0,1,0,0
0.4148053249421564,-1.2278704189585339,-0.25789636297480556,-0.20524344361051802,0.4998092191043535,0,0,0,0,1,0,0,0,0,0,0,1,0,1,0,0,0,0,0,0,1,1,0
-0.19944808086586432,0.39262221541358844,-0.25789636297480556,-0.20524344361051802,1.5360411868397097,1,0,0,0,0,0,0,0,1,0,0,0,0,0,1,0,0,0,0,0,1,1,1
-1.3051042113203015,-0.7648725234236419,-0.25789636297480556,-0.20524344361051802,-1.054538732498681,0,0,0,1,0,0,0,0,0,0,1,0,0,0,0,1,0,0,0,0,1,0,0
1.2747600930733853,0.1611232676461424,-0.25789636297480556,-0.20524344361051802,1.2942537277014599,1,0,0,0,0,0,1,0,0,0,1,0,0,0,0,1,0,0,0,0,1,1,0
-0.07659739970426017,-0.9963714711910879,-0.25789636297480556,-0.20524344361051802,1.1215483997455673,0,0,0,0,1,0,0,0,0,0,0,0,0,0,0,0,1,0,0,0,1,0,1
-0.07659739970426017,-1.690868314493426,-0.25789636297480556,-0.20524344361051802,0.1198574976013895,1,0,0,0,0,0,1,0,0,1,0,0,0,0,1,0,0,0,0,0,1,1,1
0.47623066552295845,-0.9963714711910879,-0.25789636297480556,-0.20524344361051802,1.5015001212485313,1,0,0,0,0,0,0,0,1,0,0,0,0,0,0,0,1,0,0,0,1,0,0
0.7219320278461667,-0.5333735756561958,-0.25789636297480556,-0.20524344361051802,1.2942537277014599,1,0,0,1,0,0,0,1,0,0,0,0,0,0,0,0,1,0,0,0,1,1,0
0.4148053249421564,-0.7648725234236419,-0.25789636297480556,-0.20524344361051802,1.6396643836132454,1,0,0,1,0,0,0,0,1,0,0,0,0,1,0,0,0,0,0,0,1,1,1
-0.13802274028506226,1.3186180064833726,-0.25789636297480556,-0.20524344361051802,0.08531643201021095,1,0,0,1,0,0,0,1,0,0,0,0,0,0,0,1,0,0,0,0,1,1,0
1.5204614553965936,1.0871190587159265,-0.25789636297480556,-0.20524344361051802,-0.08738889594568175,1,0,0,0,1,0,0,1,0,0,0,0,0,0,0,0,1,0,0,0,1,0,0
-0.752276146093083,-1.690868314493426,-0.25789636297480556,-0.20524344361051802,1.1215483997455673,1,0,0,1,0,0,0,0,0,0,0,1,0,0,0,0,0,0,1,0,0,0,0
-1.2436788707394995,-0.9963714711910879,-0.25789636297480556,-0.20524344361051802,0.15439856319256803,0,1,0,1,0,0,0,1,0,0,0,0,0,0,0,0,0,0,0,0,1,1,0
0.23052930319975018,-0.5333735756561958,-0.25789636297480556,-0.20524344361051802,-0.19101209271921737,1,0,0,0,1,0,0,1,0,0,0,0,0,0,0,1,0,0,0,0,1,1,1
1.4590361148157915,1.0871190587159265,-0.25789636297480556,-0.20524344361051802,1.6396643836132454,1,0,0,1,0,0,0,0,0,0,0,0,0,0,0,0,0,0,0,0,1,1,1
-0.5680001243506767,1.5501169542508186,-0.25789636297480556,-0.20524344361051802,-1.4690315195928234,0,0,0,1,0,0,0,0,0,0,1,0,0,1,0,0,0,0,0,0,1,0,0
-0.9979775084162913,0.39262221541358844,-0.25789636297480556,-0.20524344361051802,1.4669590556573526,1,0,0,1,0,0,0,0,1,0,0,0,0,0,1,0,0,0,0,0,1,1,0
-0.07659739970426017,0.39262221541358844,-0.25789636297480556,-0.20524344361051802,-1.6762779131398946,1,0,0,1,0,0,0,0,1,0,0,0,1,0,0,0,0,0,0,0,1,0,0
1.1519094119117812,1.3186180064833726,-0.25789636297480556,-0.20524344361051802,0.4652681535131749,1,0,0,1,0,0,0,1,0,0,0,0,0,0,0,0,1,1,0,0,0,0,0
-0.015172059123458105,-0.9963714711910879,-0.25789636297480556,-0.20524344361051802,1.6742054492044238,0,0,0,0,1,0,0,0,0,1,0,0,1,0,0,0,0,0,0,0,1,1,0
-0.9979775084162913,1.5501169542508186,-0.25789636297480556,-0.20524344361051802,-0.3637174206751101,1,0,0,1,0,0,0,0,1,0,0,0,0,0,1,0,0,0,0,0,1,1,1
1.029058730750177,1.3186180064833726,-0.25789636297480556,-0.20524344361051802,-1.054538732498681,1,0,0,0,0,0,0,1,0,0,0,0,0,0,1,0,0,0,0,0,1,1,1
0.3533799843613543,0.1611232676461424,-0.25789636297480556,-0.20524344361051802,-0.6400459454045384,0,0,0,0,1,0,0,0,0,0,0,1,0,1,0,0,0,0,0,0,1,0,0
-1.4279548924819057,-0.7648725234236419,-0.25789636297480556,-0.20524344361051802,0.9488430717896745,0,0,0,0,1,0,0,0,0,0,0,1,0,0,0,0,0,0,0,0,0,1,0
-0.6908508055122808,-0.07037568012130366,4.503208328377658,-0.20524344361051802,-0.8818334045427882,1,0,0,1,0,0,0,0,0,0,0,1,0,0,0,0,0,0,0,0,1,1,0
1.3361854336541874,0.1611232676461424,-0.25789636297480556,-0.20524344361051802,0.6725145470602462,1,0,0,0,0,0,0,1,0,0,0,0,0,0,1,0,0,0,0,0,1,0,1
-1.4893802330627077,0.39262221541358844,-0.25789636297480556,-0.20524344361051802,1.2942537277014599,1,0,0,0,0,0,0,0,0,0,0,0,0,1,0,0,0,0,0,0,1,1,0
1.0904840713309791,-0.7648725234236419,-0.25789636297480556,-0.20524344361051802,1.1560894653367457,0,0,0,0,0,0,0,0,0,1,0,0,0,1,0,0,0,0,0,0,1,1,1
-0.26087342144666636,-0.5333735756561958,-0.25789636297480556,-0.20524344361051802,0.534350284695532,1,0,0,0,1,0,0,1,0,0,0,0,0,0,0,1,0,0,0,0,1,1,0
-1.6736562548051142,-1.690868314493426,-0.25789636297480556,-0.20524344361051802,-0.5709638142221813,1,0,0,1,0,0,0,0,0,0,0,0,0,0,0,0,1,0,0,0,1,1,0
-1.1822535301586974,0.6241211631810345,-0.25789636297480556,-0.20524344361051802,0.3271038911484608,0,0,0,1,0,0,0,0,0,0,0,0,0,0,0,0,0,0,0,0,1,0,0
1.6433121365581977,0.8556201109484806,-0.25789636297480556,2.193712790051765,-0.5709638142221813,1,0,0,1,0,0,0,0,1,0,0,0,0,0,1,0,0,0,0,0,1,1,0
0.04625328145734397,1.5501169542508186,-0.25789636297480556,-0.20524344361051802,-0.6055048798133599,1,0,0,0,0,1,0,1,0,0,0,0,0,0,0,1,0,0,0,0,1,1,1
1.2747600930733853,-0.3018746278887497,-0.25789636297480556,-0.20524344361051802,0.3271038911484608,1,0,0,0,1,0,0,1,0,0,0,0,1,0,0,0,0,0,0,0,1,0,0
0.967633390169375,-0.9963714711910879,-0.25789636297480556,-0.20524344361051802,1.4669590556573526,1,0,0,0,1,0,0,0,0,0,0,0,0,0,0,0,0,0,0,0,1,1,0
-1.4893802330627077,0.6241211631810345,-0.25789636297480556,-0.20524344361051802,-0.294635289492753,1,0,0,1,0,0,0,0,0,0,0,0,0,0,0,0,1,0,0,0,1,0,0
1.5818867959773957,-1.45936936672598,-0.25789636297480556,-0.20524344361051802,-1.2963261916369306,1,0,0,0,0,0,0,0,0,0,0,0,0,1,0,0,0,0,0,0,1,0,0
1.6433121365581977,-0.7648725234236419,-0.25789636297480556,-0.20524344361051802,0.8106788094249604,1,0,0,1,0,0,0,0,1,0,0,0,0,0,1,0,0,0,0,0,1,1,0
0.23052930319975018,0.8556201109484806,5.18524615199354,-0.20524344361051802,-1.3308672572281093,1,0,0,1,0,0,0,1,0,0,0,0,0,0,0,0,0,0,0,0,1,1,0
1.5204614553965936,-1.2278704189585339,-0.25789636297480556,-0.20524344361051802,1.6396643836132454,0,0,1,1,0,0,0,0,0,0,0,0,1,0,0,0,0,0,0,0,1,0,0
-1.7350815953859162,-0.5333735756561958,-0.25789636297480556,-0.20524344361051802,-1.054538732498681,1,0,0,0,1,0,0,0,0,0,0,1,0,0,0,0,1,0,1,0,0,1,0
-0.6908508055122808,-0.07037568012130366,-0.25789636297480556,-0.20524344361051802,0.15439856319256803,0,0,1,0,1,0,0,1,0,0,0,0,0,0,0,0,1,0,0,0,1,1,0
0.1691039626189481,-0.3018746278887497,-0.25789636297480556,3.849629482314226,0.25802175996610366,1,0,0,0,0,0,0,0,1,0,0,0,0,0,0,1,0,0,0,0,1,0,0
1.0904840713309791,-1.2278704189585339,-0.25789636297480556,-0.20524344361051802,-0.26009422390157444,0,0,0,1,0,0,0,0,0,0,0,1,0,0,0,0,0,0,0,0,1,1,0
1.2133347524925833,-0.07037568012130366,1.666254732311851,-0.20524344361051802,1.6742054492044238,0,1,0,0,1,0,0,0,0,0,1,0,1,0,0,0,0,0,0,0,1,0,0
-1.1208281895778953,-1.45936936672598,-0.25789636297480556,-0.20524344361051802,0.7415966782426032,1,0,0,0,1,0,0,1,0,0,0,0,0,0,0,0,1,0,0,0,1,1,0
-0.5065747837698746,0.39262221541358844,-0.25789636297480556,3.9239334364542082,-0.6400459454045384,0,1,0,1,0,0,0,0,0,0,1,0,0,0,1,0,0,0,1,0,0,1,0
-0.19944808086586432,0.1611232676461424,-0.25789636297480556,-0.20524344361051802,0.08531643201021095,0,0,0,0,0,0,0,0,0,0,0,0,0,0,0,0,1,0,0,0,1,1,0
-0.26087342144666636,-0.9963714711910879,-0.25789636297480556,-0.20524344361051802,-1.6417368475487162,1,0,0,0,1,0,0,0,1,0,0,0,1,0,0,0,0,0,1,0,0,0,0
-0.4451494431890726,-1.690868314493426,-0.25789636297480556,-0.20524344361051802,1.1560894653367457,1,0,0,0,1,0,0,0,0,0,0,0,0,1,0,0,0,0,0,0,1,0,0
-0.13802274028506226,-0.07037568012130366,-0.25789636297480556,-0.20524344361051802,-0.3982584862662886,1,0,0,0,0,0,0,0,1,0,0,0,0,1,0,0,0,0,0,0,1,0,0
1.2133347524925833,-0.3018746278887497,3.6201859010637545,-0.20524344361051802,-0.6055048798133599,0,1,0,0,1,0,0,0,0,1,0,0,0,0,0,1,0,0,0,0,1,1,0
-0.9979775084162913,0.6241211631810345,-0.25789636297480556,-0.20524344361051802,-1.365408322819288,0,1,0,1,0,0,0,0,0,0,0,0,0,0,0,0,0,0,0,0,1,1,1
0.23052930319975018,1.0871190587159265,-0.25789636297480556,0.9128541520196906,-1.434490454001645,0,1,0,0,1,0,0,0,0,0,1,0,1,0,0,0,0,0,0,0,1,1,0
0.29195464378055225,-0.7648725234236419,-0.25789636297480556,-0.20524344361051802,1.3978769244749956,1,0,0,1,0,0,0,0,1,0,0,0,0,0,0,1,0,0,1,0,0,1,0
0.7219320278461667,0.39262221541358844,-0.25789636297480556,-0.20524344361051802,1.5360411868397097,0,1,0,1,0,0,0,0,0,0,0,0,0,0,0,0,1,0,1,0,0,1,0
0.3533799843613543,1.0871190587159265,1.5481229886073882,-0.20524344361051802,0.8797609406073175,1,0,0,1,0,0,0,1,0,0,0,0,0,0,0,0,1,1,0,0,0,1,0
-1.7350815953859162,-0.7648725234236419,-0.25789636297480556,-0.20524344361051802,-1.0199976669075024,1,0,0,0,1,0,0,0,1,0,0,0,0,1,0,0,0,0,0,0,1,1,0
-0.5065747837698746,-0.3018746278887497,-0.25789636297480556,-0.20524344361051802,-1.0199976669075024,1,0,0,0,1,0,0,0,1,0,0,0,0,0,0,1,0,0,0,0,1,0,1
1.1519094119117812,-0.7648725234236419,-0.25789636297480556,-0.20524344361051802,-1.3999493884104663,1,0,0,1,0,0,0,0,0,0,0,0,0,1,0,0,0,0,0,0,1,1,0
1.5818867959773957,-0.07037568012130366,-0.25789636297480556,-0.20524344361051802,0.7761377438337818,1,0,0,0,1,0,0,0,0,1,0,0,0,0,1,0,0,0,0,0,1,0,0
-1.4279548924819057,0.6241211631810345,-0.25789636297480556,-0.20524344361051802,-1.1927029948633951,1,0,0,0,0,0,0,0,0,0,0,0,0,1,0,0,0,0,0,0,1,1,0
-0.07659739970426017,1.0871190587159265,-0.25789636297480556,-0.20524344361051802,1.6742054492044238,1,0,0,1,0,0,0,0,0,0,1,0,0,0,1,0,0,0,0,0,1,1,0
-0.752276146093083,-0.5333735756561958,-0.25789636297480556,-0.20524344361051802,1.3287947932926385,1,0,0,1,0,0,0,0,0,0,1,0,0,0,0,0,1,0,0,0,1,1,0
-1.4893802330627077,1.0871190587159265,-0.25789636297480556,6.945627571480151,1.6396643836132454,1,0,0,0,1,0,0,0,1,0,0,0,0,0,0,1,0,0,0,0,1,1,1
0.10767862203814604,-0.7648725234236419,-0.25789636297480556,-0.20524344361051802,0.4652681535131749,1,0,0,1,0,0,0,0,1,0,0,0,0,0,1,0,0,0,0,0,1,1,1
-1.4893802330627077,0.1611232676461424,-0.25789636297480556,-0.20524344361051802,1.4324179900661742,1,0,0,0,1,0,0,0,0,0,0,0,0,0,0,1,0,0,0,0,1,1,1
0.5376560061037605,0.6241211631810345,-0.25789636297480556,-0.20524344361051802,-0.9854566013163238,1,0,0,1,0,0,0,0,0,0,1,0,0,0,0,1,0,0,0,0,1,1,1
-1.6122309142243119,-1.45936936672598,-0.25789636297480556,-0.20524344361051802,-1.5381136507751805,1,0,0,1,0,0,0,0,0,0,1,0,0,0,1,0,0,0,0,0,1,0,0
1.4590361148157915,-1.690868314493426,-0.25789636297480556,-0.20524344361051802,-0.5018816830398243,1,0,0,0,1,0,0,0,0,1,0,0,0,0,0,0,0,0,0,0,1,0,0
-0.38372410260827056,-0.07037568012130366,-0.25789636297480556,-0.20524344361051802,1.2251715965191028,1,0,0,0,1,0,0,1,0,0,0,0,0,1,0,0,0,0,0,0,1,0,0
0.47623066552295845,0.8556201109484806,-0.25789636297480556,-0.20524344361051802,0.6379734814690676,1,0,0,0,0,0,0,0,0,1,0,0,0,0,1,0,0,0,0,0,1,1,0
1.4590361148157915,-1.2278704189585339,-0.25789636297480556,-0.20524344361051802,-0.05284783035450321,1,0,0,0,0,0,0,0,0,0,0,1,0,0,0,0,1,0,0,0,1,1,1
0.47623066552295845,1.3186180064833726,-0.25789636297480556,-0.20524344361051802,1.0524662685632102,1,0,0,0,1,0,0,0,0,1,0,0,0,0,0,1,0,0,0,0,1,1,1
-1.1822535301586974,0.6241211631810345,-0.25789636297480556,-0.20524344361051802,1.5705822524308883,0,0,0,0,1,0,0,0,0,0,0,0,1,0,0,0,0,0,0,0,1,1,1
-1.1822535301586974,0.8556201109484806,-0.25789636297480556,-0.20524344361051802,1.3978769244749956,1,0,0,1,0,0,0,1,0,0,0,0,0,0,1,0,0,0,0,0,1,1,0
-0.6294254649314788,0.8556201109484806,-0.25789636297480556,-0.20524344361051802,0.4307270879219964,1,0,0,0,1,0,0,0,0,0,0,0,0,1,0,0,0,0,0,0,1,1,0
-0.752276146093083,0.8556201109484806,-0.25789636297480556,-0.20524344361051802,-0.5018816830398243,1,0,0,1,0,0,0,0,0,0,0,1,0,0,0,1,0,0,0,0,1,1,0
-0.5065747837698746,-0.3018746278887497,-0.25789636297480556,-0.20524344361051802,0.7070556126514247,1,0,0,0,0,0,0,1,0,0,0,0,0,0,0,0,0,0,0,0,1,1,0
-0.9365521678354892,0.39262221541358844,-0.25789636297480556,-0.20524344361051802,1.6396643836132454,1,0,0,1,0,0,0,0,1,0,0,0,0,0,0,0,1,0,0,0,1,1,0
-1.2436788707394995,1.0871190587159265,-0.25789636297480556,-0.20524344361051802,-0.9854566013163238,1,0,0,0,1,0,0,0,0,0,1,0,0,0,0,0,0,0,0,0,1,0,0
1.029058730750177,0.6241211631810345,-0.25789636297480556,-0.20524344361051802,1.0524662685632102,1,0,0,1,0,0,0,0,0,1,0,0,1,0,0,0,0,0,0,0,1,1,1
-1.7350815953859162,-0.07037568012130366,-0.25789636297480556,-0.20524344361051802,-0.3637174206751101,1,0,0,0,0,0,0,0,0,0,0,0,0,0,1,0,0,0,0,0,1,0,1
1.3361854336541874,1.5501169542508186,5.067608683367339,-0.20524344361051802,-0.5364227486310028,1,0,0,0,0,0,0,0,0,0,0,1,0,0,0,1,0,0,0,0,1,0,0
0.967633390169375,1.0871190587159265,-0.25789636297480556,-0.20524344361051802,-1.1927029948633951,0,1,0,1,0,0,0,0,0,0,1,0,0,0,1,0,0,0,0,0,1,1,0
-0.9979775084162913,1.0871190587159265,-0.25789636297480556,-0.20524344361051802,-1.503572585184002,0,1,0,0,0,0,0,0,0,1,0,0,0,1,0,0,0,0,0,0,1,0,0
-1.5508055736435098,-0.5333735756561958,-0.25789636297480556,-0.20524344361051802,0.5688913502867106,0,1,0,1,0,0,0,0,0,0,1,0,0,0,1,0,0,0,0,0,1,0,0
-1.7350815953859162,0.8556201109484806,-0.25789636297480556,-0.20524344361051802,1.3287947932926385,0,0,0,0,1,0,0,0,0,1,0,0,0,0,0,0,1,0,1,0,0,1,1
1.2133347524925833,0.39262221541358844,-0.25789636297480556,-0.20524344361051802,0.22348069437492513,1,0,0,0,0,0,0,0,1,0,0,0,1,0,0,0,0,0,0,0,1,1,0
0.6605066872653647,1.3186180064833726,-0.25789636297480556,-0.20524344361051802,-0.018306764763324667,1,0,0,1,0,0,0,1,0,0,0,0,0,0,0,0,0,0,0,0,1,0,0
0.1691039626189481,0.1611232676461424,-0.25789636297480556,-0.20524344361051802,1.4669590556573526,1,0,0,0,0,1,0,0,0,0,1,0,1,0,0,0,0,0,0,0,1,1,0
0.29195464378055225,-0.3018746278887497,-0.25789636297480556,-0.20524344361051802,-1.6762779131398946,1,0,0,1,0,0,0,0,0,0,1,0,0,0,0,1,0,0,0,0,1,0,0
-0.07659739970426017,1.5501169542508186,-0.25789636297480556,-0.20524344361051802,0.534350284695532,0,0,0,1,0,0,0,0,0,0,1,0,0,0,1,0,0,0,0,0,1,1,1
0.10767862203814604,0.39262221541358844,-0.25789636297480556,-0.20524344361051802,-0.743669142178074,1,0,0,0,0,0,0,1,0,0,0,0,0,0,0,1,0,0,0,0,1,1,0
-1.3051042113203015,-0.7648725234236419,2.274892706805922,-0.20524344361051802,-1.0199976669075024,0,0,0,1,0,0,0,0,0,0,0,1,0,0,0,0,0,0,0,0,1,1,1
0.5990813466845626,-0.07037568012130366,-0.25789636297480556,-0.20524344361051802,-0.05284783035450321,1,0,0,0,0,0,1,0,0,1,0,0,0,0,0,1,0,0,1,0,0,1,0
-0.19944808086586432,1.5501169542508186,-0.25789636297480556,-0.20524344361051802,0.7761377438337818,0,0,0,0,0,1,0,0,1,0,0,0,0,1,0,0,0,0,0,0,1,0,0
0.29195464378055225,-1.45936936672598,-0.25789636297480556,-0.20524344361051802,0.534350284695532,1,0,0,1,0,0,0,0,0,0,1,0,1,0,0,0,0,0,0,0,1,0,0
1.5204614553965936,-0.3018746278887497,-0.25789636297480556,-0.20524344361051802,1.3978769244749956,1,0,0,0,1,0,0,1,0,0,0,0,0,0,0,0,0,1,0,0,0,1,0
1.5204614553965936,1.5501169542508186,-0.25789636297480556,-0.20524344361051802,0.050775366419032415,1,0,0,1,0,0,0,0,0,0,0,1,0,0,0,0,0,0,0,0,1,1,0
-1.6122309142243119,-0.9963714711910879,-0.25789636297480556,-0.20524344361051802,-0.22555315831039593,1,0,0,1,0,0,0,0,0,1,0,0,0,0,0,0,0,0,0,0,1,0,0
1.2747600930733853,0.1611232676461424,-0.25789636297480556,-0.20524344361051802,-0.018306764763324667,1,0,0,1,0,0,0,1,0,0,0,0,0,0,0,0,1,0,0,0,1,1,1
-1.0594028489970932,0.8556201109484806,-0.25789636297480556,-0.20524344361051802,-0.8472923389516097,1,0,0,1,0,0,0,0,1,0,0,0,1,0,0,0,0,0,0,0,1,1,0
-1.7350815953859162,-1.690868314493426,-0.25789636297480556,-0.20524344361051802,0.8452198750161389,0,1,0,1,0,0,0,0,1,0,0,0,0,0,0,1,0,0,0,0,1,1,1
1.5204614553965936,-0.3018746278887497,-0.25789636297480556,-0.20524344361051802,0.914302006198496,1,0,0,1,0,0,0,0,0,1,0,0,0,0,0,0,0,0,1,0,0,0,0
0.9062080495885729,-0.5333735756561958,-0.25789636297480556,-0.20524344361051802,-0.294635289492753,1,0,0,0,0,0,1,0,0,0,1,0,1,0,0,0,0,0,0,0,1,0,1
-1.4893802330627077,-0.07037568012130366,-0.03355726182893487,-0.20524344361051802,0.7415966782426032,1,0,0,0,0,0,0,0,1,0,0,0,0,0,0,0,0,0,0,0,1,1,0
0.04625328145734397,-0.7648725234236419,-0.25789636297480556,-0.20524344361051802,0.4998092191043535,0,1,0,0,1,0,0,0,0,0,0,1,0,1,0,0,0,0,1,0,0,1,1
0.04625328145734397,1.5501169542508186,-0.25789636297480556,-0.20524344361051802,0.39618602233081784,1,0,0,0,1,0,0,1,0,0,0,0,0,1,0,0,0,0,0,0,1,0,1
1.7047374771389998,-1.690868314493426,-0.25789636297480556,-0.20524344361051802,-1.2963261916369306,1,0,0,0,0,0,0,0,0,0,0,1,0,1,0,0,0,0,0,0,1,1,0
-0.752276146093083,-1.690868314493426,-0.25789636297480556,-0.20524344361051802,1.0870073341543887,1,0,0,1,0,0,0,0,0,0,1,0,0,0,1,0,0,0,0,0,1,1,0
1.1519094119117812,0.1611232676461424,-0.25789636297480556,-0.20524344361051802,0.6725145470602462,1,0,0,0,1,0,0,0,0,0,0,1,0,0,0,0,0,0,1,0,0,1,0
1.0904840713309791,1.5501169542508186,-0.25789636297480556,-0.20524344361051802,-1.2272440604545736,1,0,0,0,0,0,1,0,0,0,0,1,0,0,1,0,0,0,0,0,1,0,0
-0.38372410260827056,0.39262221541358844,1.4111470075442114,-0.20524344361051802,-0.5364227486310028,1,0,0,1,0,0,0,0,0,0,0,0,1,0,0,0,0,0,0,0,1,1,0
-0.8751268272546872,-0.5333735756561958,4.314086326557909,-0.20524344361051802,-0.05284783035450321,1,0,0,0,1,0,0,0,0,0,0,1,0,0,1,0,0,0,0,0,1,1,0
0.47623066552295845,0.39262221541358844,-0.25789636297480556,-0.20524344361051802,0.39618602233081784,0,1,0,0,0,0,0,0,0,1,0,0,1,0,0,0,0,0,0,0,1,1,1
-0.5065747837698746,-0.7648725234236419,-0.25789636297480556,-0.20524344361051802,1.0870073341543887,1,0,0,0,0,0,0,1,0,0,0,0,1,0,0,0,0,0,1,0,0,1,1
-0.9365521678354892,1.5501169542508186,-0.25789636297480556,-0.20524344361051802,-0.5018816830398243,1,0,0,0,1,0,0,0,0,0,0,0,1,0,0,0,0,0,0,0,1,1,0
-1.6736562548051142,-1.690868314493426,-0.25789636297480556,-0.20524344361051802,0.534350284695532,1,0,0,1,0,0,0,1,0,0,0,0,0,0,0,1,0,0,0,0,1,1,0
-1.1208281895778953,-0.5333735756561958,-0.25789636297480556,-0.20524344361051802,0.3271038911484608,0,0,0,1,0,0,0,1,0,0,0,0,0,0,1,0,0,0,1,0,0,1,0
1.3361854336541874,-0.5333735756561958,-0.25789636297480556,-0.20524344361051802,-0.46734061744864575,1,0,0,1,0,0,0,0,0,0,1,0,0,0,0,1,0,0,0,0,1,1,0
0.5990813466845626,-1.2278704189585339,3.4677020394201277,-0.20524344361051802,1.0179252029720316,0,1,0,0,1,0,0,0,0,0,1,0,0,0,0,0,0,0,0,0,1,1,0
0.5376560061037605,1.0871190587159265,-0.25789636297480556,-0.20524344361051802,-1.054538732498681,1,0,0,1,0,0,0,0,0,0,0,0,0,0,1,0,0,0,0,0,1,1,0
0.29195464378055225,-0.07037568012130366,-0.25789636297480556,-0.20524344361051802,-0.26009422390157444,1,0,0,0,0,0,0,0,1,0,0,0,0,0,0,0,0,0,0,0,1,0,1
0.5376560061037605,1.3186180064833726,-0.25789636297480556,-0.20524344361051802,0.6725145470602462,1,0,0,1,0,0,0,0,0,0,1,0,0,0,0,0,0,0,0,0,1,0,0
1.2747600930733853,1.5501169542508186,-0.048138376637644725,-0.20524344361051802,-1.054538732498681,0,0,0,1,0,0,0,0,0,0,1,0,1,0,0,0,0,1,0,0,0,1,0
0.29195464378055225,-1.690868314493426,-0.25789636297480556,-0.20524344361051802,-0.3637174206751101,1,0,0,0,1,0,0,0,0,0,1,0,0,0,1,0,0,0,0,0,1,0,1
-0.6908508055122808,-1.690868314493426,-0.25789636297480556,-0.20524344361051802,0.6725145470602462,0,1,0,0,1,0,0,1,0,0,0,0,0,0,0,0,0,0,0,0,1,1,0
0.04625328145734397,-0.5333735756561958,-0.25789636297480556,-0.20524344361051802,0.08531643201021095,0,0,0,1,0,0,0,0,0,0,0,0,0,1,0,0,0,0,0,0,1,0,0
-0.8751268272546872,0.39262221541358844,-0.25789636297480556,-0.20524344361051802,-1.2963261916369306,1,0,0,1,0,0,0,1,0,0,0,0,0,0,0,0,0,0,0,0,1,1,0
-0.13802274028506226,1.0871190587159265,-0.25789636297480556,2.4767754724897926,1.1560894653367457,1,0,0,0,1,0,0,0,0,1,0,0,0,1,0,0,0,0,0,0,1,0,0
1.3361854336541874,-1.690868314493426,-0.25789636297480556,-0.20524344361051802,-0.08738889594568175,1,0,0,1,0,0,0,1,0,0,0,0,0,0,1,0,0,0,0,0,1,1,0
0.29195464378055225,-0.5333735756561958,-0.25789636297480556,-0.20524344361051802,0.914302006198496,1,0,0,1,0,0,0,0,0,1,0,0,0,0,0,1,0,0,1,0,0,1,0
1.3976107742349895,-1.690868314493426,-0.25789636297480556,-0.20524344361051802,-0.46734061744864575,0,0,0,0,0,0,0,0,0,0,0,1,0,0,1,0,0,0,0,0,1,0,0
1.7047374771389998,1.3186180064833726,-0.25789636297480556,-0.20524344361051802,0.4652681535131749,0,0,0,0,1,0,0,0,0,0,0,1,0,0,0,1,0,0,0,0,1,1,0
0.5376560061037605,1.0871190587159265,-0.25789636297480556,-0.20524344361051802,0.914302006198496,1,0,0,1,0,0,0,0,0,1,0,0,0,0,0,1,0,0,0,0,1,1,0
0.23052930319975018,-0.5333735756561958,-0.25789636297480556,-0.20524344361051802,1.1215483997455673,1,0,0,0,0,0,0,0,0,1,0,0,0,0,1,0,0,1,0,0,0,1,1
-0.3222987620274685,-1.2278704189585339,-0.25789636297480556,-0.20524344361051802,0.050775366419032415,0,1,0,0,0,0,1,1,0,0,0,0,0,0,0,0,0,0,0,0,1,0,1
-0.8751268272546872,1.3186180064833726,0.280307412867023,-0.20524344361051802,-0.22555315831039593,1,0,0,0,1,0,0,0,0,1,0,0,0,0,0,0,1,0,0,0,1,1,0
0.04625328145734397,1.3186180064833726,-0.25789636297480556,-0.20524344361051802,-0.5364227486310028,0,0,0,0,1,0,0,0,0,0,0,0,0,0,0,0,0,0,0,0,1,1,1
1.5818867959773957,1.5501169542508186,-0.25789636297480556,-0.20524344361051802,1.6396643836132454,1,0,0,0,0,0,0,0,0,0,0,1,0,0,0,0,0,0,1,0,0,0,0
0.7833573684269688,-0.07037568012130366,-0.25789636297480556,-0.20524344361051802,-0.018306764763324667,1,0,0,0,0,1,0,0,0,0,0,1,1,0,0,0,0,0,0,0,1,1,1
1.3361854336541874,1.0871190587159265,-0.25789636297480556,-0.20524344361051802,-1.0890797980898594,1,0,0,0,1,0,0,0,1,0,0,0,1,0,0,0,0,0,0,0,1,1,0
-0.752276146093083,1.5501169542508186,-0.25789636297480556,-0.20524344361051802,0.39618602233081784,1,0,0,1,0,0,0,0,0,1,0,0,0,0,0,0,0,0,0,0,1,0,0
-1.4893802330627077,-0.5333735756561958,-0.25789636297480556,-0.20524344361051802,0.25802175996610366,1,0,0,0,1,0,0,0,0,0,1,0,0,1,0,0,0,0,0,0,1,1,0
-0.015172059123458105,1.0871190587159265,-0.25789636297480556,-0.20524344361051802,1.5015001212485313,1,0,0,0,1,0,0,0,0,0,1,0,0,0,0,1,0,0,0,0,1,1,0
-1.5508055736435098,0.6241211631810345,-0.25789636297480556,-0.20524344361051802,-1.5381136507751805,1,0,0,1,0,0,0,0,0,1,0,0,1,0,0,0,0,0,0,0,1,1,0
-1.1822535301586974,1.0871190587159265,-0.25789636297480556,-0.20524344361051802,1.3633358588838171,0,1,0,1,0,0,0,0,0,0,0,0,0,0,0,0,0,0,0,0,1,0,0
1.6433121365581977,-1.690868314493426,-0.25789636297480556,-0.20524344361051802,-0.8818334045427882,0,0,0,0,0,0,0,0,0,0,1,0,0,0,0,0,1,1,0,0,0,1,0
-0.752276146093083,1.5501169542508186,-0.25789636297480556,-0.20524344361051802,1.5015001212485313,1,0,0,0,1,0,0,0,1,0,0,0,0,1,0,0,0,0,1,0,0,0,0
-1.1822535301586974,-0.7648725234236419,-0.25789636297480556,-0.20524344361051802,0.4998092191043535,1,0,0,1,0,0,0,0,0,1,0,0,0,0,1,0,0,0,0,0,1,0,0
-0.752276146093083,-0.07037568012130366,-0.25789636297480556,-0.20524344361051802,0.3271038911484608,1,0,0,0,1,0,0,0,0,0,0,0,0,0,0,0,0,0,0,0,1,1,0
-0.5680001243506767,-1.2278704189585339,5.610137366143954,-0.20524344361051802,-0.3982584862662886,1,0,0,1,0,0,0,0,0,0,0,0,0,0,0,0,0,0,0,0,1,0,0
-0.3222987620274685,0.8556201109484806,-0.25789636297480556,-0.20524344361051802,-0.5709638142221813,1,0,0,1,0,0,0,1,0,0,0,0,0,0,0,1,0,0,0,0,1,1,0
-1.4893802330627077,-0.5333735756561958,-0.25789636297480556,6.5794152260759535,-1.365408322819288,1,0,0,0,0,0,0,0,0,0,0,0,0,1,0,0,0,0,0,0,1,1,0
0.29195464378055225,-0.7648725234236419,-0.25789636297480556,-0.20524344361051802,-0.43279955185746716,1,0,0,1,0,0,0,0,0,0,1,0,1,0,0,0,0,0,0,0,1,0,1
-1.4279548924819057,-0.5333735756561958,4.525574275668984,-0.20524344361051802,1.6396643836132454,1,0,0,1,0,0,0,0,0,0,1,0,1,0,0,0,0,0,0,0,1,0,0
